Date,GSCPI
31-Jan-1998,-0.79
28-Feb-1998,-0.41
31-Mar-1998,-0.12
30-Apr-1998,-0.22
31-May-1998,-0.48
30-Jun-1998,-0.76
31-Jul-1998,-0.97
31-Aug-1998,-0.86
30-Sep-1998,-0.94
31-Oct-1998,-0.78
30-Nov-1998,-0.86
31-Dec-1998,-0.67
31-Jan-1999,-0.39
28-Feb-1999,-0.06
31-Mar-1999,-0.31
30-Apr-1999,-0.39
31-May-1999,-0.46
30-Jun-1999,-0.44
31-Jul-1999,-0.69
31-Aug-1999,-0.58
30-Sep-1999,-0.47
31-Oct-1999,-0.23
30-Nov-1999,-0.29
31-Dec-1999,-0.30
31-Jan-2000,-0.65
29-Feb-2000,-0.43
31-Mar-2000,-0.35
30-Apr-2000,0.08
31-May-2000,0.24
30-Jun-2000,0.00
31-Jul-2000,-0.02
31-Aug-2000,0.05
30-Sep-2000,0.03
31-Oct-2000,-0.44
30-Nov-2000,-0.64
31-Dec-2000,-0.87
31-Jan-2001,-0.79
28-Feb-2001,-0.73
31-Mar-2001,-0.50
30-Apr-2001,-0.86
31-May-2001,-1.01
30-Jun-2001,-0.65
31-Jul-2001,-0.60
31-Aug-2001,-0.63
30-Sep-2001,-0.61
31-Oct-2001,-1.01
30-Nov-2001,-1.24
31-Dec-2001,-1.10
31-Jan-2002,-0.78
28-Feb-2002,-0.39
31-Mar-2002,-0.42
30-Apr-2002,-0.57
31-May-2002,-0.32
30-Jun-2002,-0.64
31-Jul-2002,-0.94
31-Aug-2002,-1.06
30-Sep-2002,-1.13
31-Oct-2002,-1.21
30-Nov-2002,-0.76
31-Dec-2002,-0.72
31-Jan-2003,-0.65
28-Feb-2003,-0.34
31-Mar-2003,-0.37
30-Apr-2003,-0.63
31-May-2003,-0.29
30-Jun-2003,-0.19
31-Jul-2003,-0.11
31-Aug-2003,-0.16
30-Sep-2003,-0.05
31-Oct-2003,-0.45
30-Nov-2003,-0.59
31-Dec-2003,-0.50
31-Jan-2004,-0.70
29-Feb-2004,-0.56
31-Mar-2004,-0.12
30-Apr-2004,0.30
31-May-2004,0.28
30-Jun-2004,0.32
31-Jul-2004,-0.61
31-Aug-2004,-0.03
30-Sep-2004,-0.11
31-Oct-2004,-0.67
30-Nov-2004,-0.15
31-Dec-2004,0.02
31-Jan-2005,-0.20
28-Feb-2005,-0.26
31-Mar-2005,-0.38
30-Apr-2005,-1.41
31-May-2005,-1.06
30-Jun-2005,-0.95
31-Jul-2005,-0.82
31-Aug-2005,-0.53
30-Sep-2005,0.04
31-Oct-2005,-0.02
30-Nov-2005,-0.49
31-Dec-2005,-0.61
31-Jan-2006,-0.30
28-Feb-2006,-0.69
31-Mar-2006,-0.34
30-Apr-2006,0.11
31-May-2006,0.04
30-Jun-2006,0.15
31-Jul-2006,-0.13
31-Aug-2006,0.05
30-Sep-2006,-0.68
31-Oct-2006,-0.53
30-Nov-2006,-0.28
31-Dec-2006,-0.50
31-Jan-2007,-0.87
28-Feb-2007,-0.73
31-Mar-2007,-0.62
30-Apr-2007,-0.87
31-May-2007,-0.45
30-Jun-2007,-0.42
31-Jul-2007,-0.49
31-Aug-2007,-0.15
30-Sep-2007,-0.07
31-Oct-2007,-0.69
30-Nov-2007,-0.59
31-Dec-2007,-0.20
31-Jan-2008,-0.45
29-Feb-2008,0.37
31-Mar-2008,0.10
30-Apr-2008,0.11
31-May-2008,-0.14
30-Jun-2008,0.24
31-Jul-2008,0.94
31-Aug-2008,0.29
30-Sep-2008,-0.49
31-Oct-2008,-0.80
30-Nov-2008,-1.39
31-Dec-2008,-0.64
31-Jan-2009,-0.35
28-Feb-2009,-0.35
31-Mar-2009,0.23
30-Apr-2009,0.76
31-May-2009,0.24
30-Jun-2009,-0.54
31-Jul-2009,-0.81
31-Aug-2009,-1.22
30-Sep-2009,-0.62
31-Oct-2009,-0.63
30-Nov-2009,-0.92
31-Dec-2009,-0.73
31-Jan-2010,-0.41
28-Feb-2010,-0.20
31-Mar-2010,0.27
30-Apr-2010,0.21
31-May-2010,0.43
30-Jun-2010,-0.01
31-Jul-2010,-0.07
31-Aug-2010,0.24
30-Sep-2010,0.30
31-Oct-2010,0.59
30-Nov-2010,0.42
31-Dec-2010,0.69
31-Jan-2011,0.72
28-Feb-2011,0.30
31-Mar-2011,0.68
30-Apr-2011,1.55
31-May-2011,0.89
30-Jun-2011,0.16
31-Jul-2011,0.23
31-Aug-2011,-0.14
30-Sep-2011,-0.53
31-Oct-2011,-0.36
30-Nov-2011,0.12
31-Dec-2011,-0.05
31-Jan-2012,0.35
29-Feb-2012,-0.03
31-Mar-2012,-0.37
30-Apr-2012,-0.36
31-May-2012,-0.70
30-Jun-2012,-0.73
31-Jul-2012,-0.73
31-Aug-2012,-0.18
30-Sep-2012,-0.29
31-Oct-2012,-0.05
30-Nov-2012,-0.40
31-Dec-2012,-0.17
31-Jan-2013,-0.08
28-Feb-2013,-0.39
31-Mar-2013,-0.56
30-Apr-2013,-0.74
31-May-2013,-0.89
30-Jun-2013,-0.71
31-Jul-2013,-0.71
31-Aug-2013,-0.65
30-Sep-2013,-0.39
31-Oct-2013,-0.27
30-Nov-2013,-0.76
31-Dec-2013,-0.57
31-Jan-2014,-0.68
28-Feb-2014,-0.35
31-Mar-2014,-0.69
30-Apr-2014,-0.90
31-May-2014,-0.91
30-Jun-2014,-0.76
31-Jul-2014,-0.87
31-Aug-2014,-0.69
30-Sep-2014,-0.83
31-Oct-2014,-0.61
30-Nov-2014,-0.95
31-Dec-2014,-0.40
31-Jan-2015,-0.55
28-Feb-2015,-0.32
31-Mar-2015,-0.39
30-Apr-2015,-0.41
31-May-2015,-0.56
30-Jun-2015,-0.88
31-Jul-2015,-0.44
31-Aug-2015,-0.69
30-Sep-2015,-0.44
31-Oct-2015,-0.31
30-Nov-2015,-0.66
31-Dec-2015,-0.63
31-Jan-2016,-0.80
29-Feb-2016,-0.78
31-Mar-2016,-0.72
30-Apr-2016,-0.36
31-May-2016,-0.73
30-Jun-2016,-0.34
31-Jul-2016,-0.20
31-Aug-2016,0.04
30-Sep-2016,-0.32
31-Oct-2016,-0.07
30-Nov-2016,-0.32
31-Dec-2016,-0.24
31-Jan-2017,0.09
28-Feb-2017,0.05
31-Mar-2017,0.02
30-Apr-2017,-0.03
31-May-2017,-0.18
30-Jun-2017,0.06
31-Jul-2017,0.05
31-Aug-2017,0.34
30-Sep-2017,0.53
31-Oct-2017,0.79
30-Nov-2017,0.77
31-Dec-2017,0.62
31-Jan-2018,0.54
28-Feb-2018,0.04
31-Mar-2018,0.39
30-Apr-2018,0.47
31-May-2018,0.35
30-Jun-2018,0.43
31-Jul-2018,0.47
31-Aug-2018,0.52
30-Sep-2018,0.44
31-Oct-2018,0.51
30-Nov-2018,0.41
31-Dec-2018,0.43
31-Jan-2019,0.46
28-Feb-2019,0.10
31-Mar-2019,0.19
30-Apr-2019,-0.01
31-May-2019,-0.61
30-Jun-2019,-0.51
31-Jul-2019,-0.47
31-Aug-2019,-0.30
30-Sep-2019,0.07
31-Oct-2019,0.03
30-Nov-2019,0.08
31-Dec-2019,-0.03
31-Jan-2020,-0.03
29-Feb-2020,1.21
31-Mar-2020,2.64
30-Apr-2020,3.47
31-May-2020,2.57
30-Jun-2020,2.26
31-Jul-2020,2.85
31-Aug-2020,1.34
30-Sep-2020,0.51
31-Oct-2020,0.02
30-Nov-2020,0.71
31-Dec-2020,1.68
31-Jan-2021,1.41
28-Feb-2021,2.03
31-Mar-2021,2.30
30-Apr-2021,2.82
31-May-2021,3.10
30-Jun-2021,2.76
31-Jul-2021,2.93
31-Aug-2021,3.36
30-Sep-2021,3.45
31-Oct-2021,4.02
30-Nov-2021,4.39
31-Dec-2021,4.43
31-Jan-2022,3.73
28-Feb-2022,2.81
31-Mar-2022,2.89
30-Apr-2022,3.52
31-May-2022,2.80
30-Jun-2022,2.48
31-Jul-2022,1.90
31-Aug-2022,1.55
30-Sep-2022,1.14
31-Oct-2022,1.25
30-Nov-2022,1.32
31-Dec-2022,1.36
31-Jan-2023,1.02
28-Feb-2023,-0.27
31-Mar-2023,-1.21
30-Apr-2023,-1.31
31-May-2023,-1.56
30-Jun-2023,-1.08
31-Jul-2023,-0.95
31-Aug-2023,-1.02
30-Sep-2023,-0.64
31-Oct-2023,-0.37
30-Nov-2023,0.20
31-Dec-2023,-0.13
31-Jan-2024,-0.29
29-Feb-2024,-0.18
31-Mar-2024,-0.38
30-Apr-2024,-0.97
31-May-2024,-0.59
30-Jun-2024,-0.30
31-Jul-2024,-0.04
31-Aug-2024,0.20
30-Sep-2024,0.13
31-Oct-2024,-0.37
30-Nov-2024,-0.37
31-Dec-2024,-0.36
31-Jan-2025,-0.26
28-Feb-2025,-0.12
31-Mar-2025,-0.25
30-Apr-2025,-0.34
31-May-2025,0.18
30-Jun-2025,-0.01
31-Jul-2025,0.03
31-Aug-2025,-0.08
30-Sep-2025,-0.04
31-Oct-2025,-0.15
30-Nov-2025,-0.21
31-Dec-2025,0.47
31-Jan-2026,0.36
28-Feb-2026,0.49
31-Mar-2026,0.63
30-Apr-2026,1.78
31-May-2026,1.81
30-Jun-2026,1.21
31-Jul-2026,0.93
31-Aug-2026,1.20
30-Sep-2026,1.28
