Back to Contents,Data 1: Weekly U.S. Ending Stocks of Crude Oil in SPR  (Thousand Barrels)
Sourcekey,WCSSTUS1
Date,Weekly U.S. Ending Stocks of Crude Oil in SPR  (Thousand Barrels)
30183.0,270455
30190.0,272603
30218.0,276833
30225.0,277633
30232.0,278725
30239.0,280802
30246.0,283393
30253.0,284268
30260.0,284906
30267.0,286198
30274.0,286335
30281.0,288156
30288.0,289963
30295.0,291509
30302.0,291718
30309.0,292488
30316.0,293214
30323.0,294818
30330.0,295440
30337.0,296684
30344.0,298379
30351.0,300917
30358.0,301960
30365.0,303746
30372.0,305348
30379.0,306964
30386.0,308517
30393.0,309756
30400.0,310320
30407.0,311841
30414.0,313583
30421.0,314817
30435.0,317456
30449.0,320749
30456.0,324116
30470.0,326832
30477.0,327402
30484.0,327971
30491.0,330079
30498.0,332136
30505.0,334661
30512.0,335797
30519.0,337901
30526.0,339962
30533.0,341779
30540.0,343932
30547.0,345689
30554.0,349031
30561.0,351783
30568.0,353339
30575.0,355695
30582.0,358289
30589.0,360456
30596.0,361276
30603.0,364933
30610.0,365212
30617.0,366141
30624.0,368324
30631.0,369566
30638.0,370160
30645.0,370630
30652.0,371291
30659.0,374518
30666.0,375005
30673.0,377184
30680.0,378309
30687.0,380664
30694.0,382600
30701.0,383796
30708.0,384455
30715.0,384770
30722.0,385472
30729.0,386277
30736.0,386935
30743.0,387234
30750.0,387559
30757.0,388737
30764.0,389265
30771.0,391798
30778.0,393499
30785.0,393499
30792.0,395330
30799.0,395957
30806.0,397205
30813.0,398454
30820.0,399500
30827.0,400842
30834.0,402825
30841.0,405194
30848.0,408365
30855.0,408730
30862.0,412610
30869.0,413730
30876.0,417032
30883.0,418845
30890.0,420094
30897.0,423899
30904.0,426110
30911.0,427600
30918.0,428280
30925.0,429467
30932.0,430101
30939.0,430101
30946.0,430407
30953.0,431066
30960.0,432086
30967.0,433080
30974.0,433396
30981.0,433895
30988.0,436093
30995.0,438731
31002.0,439228
31009.0,441273
31016.0,443046
31023.0,444074
31030.0,446094
31037.0,447559
31044.0,449157
31051.0,450505
31058.0,450851
31065.0,453800
31072.0,454165
31079.0,457232
31086.0,457755
31093.0,458106
31100.0,458753
31107.0,459519
31114.0,460138
31121.0,460398
31128.0,461005
31135.0,461266
31142.0,461617
31149.0,461962
31156.0,462387
31163.0,464051
31170.0,464940
31177.0,466127
31184.0,467854
31191.0,469968
31198.0,471336
31205.0,471930
31212.0,473426
31219.0,474619
31226.0,476150
31233.0,476571
31240.0,477998
31247.0,481253
31254.0,482052
31261.0,483533
31268.0,483947
31275.0,484640
31282.0,485619
31289.0,486860
31296.0,487383
31303.0,487755
31310.0,488019
31317.0,489249
31324.0,489254
31331.0,489254
31338.0,489254
31345.0,489616
31352.0,489880
31359.0,490140
31366.0,490140
31373.0,490794
31380.0,491057
31387.0,491827
31394.0,492082
31401.0,492607
31408.0,492666
31415.0,493316
31422.0,492793
31429.0,492793
31436.0,493506
31443.0,494389
31450.0,494392
31457.0,494392
31464.0,494724
31471.0,495057
31478.0,495782
31485.0,495782
31492.0,496188
31499.0,496590
31506.0,496892
31513.0,497295
31520.0,497559
31527.0,498170
31534.0,498784
31541.0,498784
31548.0,498784
31555.0,499130
31562.0,499479
31569.0,500292
31576.0,500695
31583.0,501043
31590.0,501384
31597.0,501786
31604.0,502131
31611.0,502750
31618.0,503095
31625.0,503398
31632.0,503400
31639.0,504191
31646.0,504578
31653.0,504973
31660.0,504973
31667.0,505316
31674.0,505658
31681.0,506381
31688.0,506381
31695.0,506381
31702.0,506815
31709.0,506815
31716.0,507518
31723.0,507894
31730.0,508398
31737.0,508398
31744.0,509267
31751.0,509470
31758.0,509678
31765.0,510656
31772.0,511001
31779.0,511564
31786.0,511956
31793.0,512472
31800.0,513038
31807.0,513935
31814.0,515200
31821.0,515403
31828.0,515809
31835.0,516491
31842.0,516709
31849.0,518066
31856.0,518411
31863.0,518918
31870.0,519979
31877.0,520346
31884.0,520903
31891.0,521250
31898.0,521983
31905.0,522875
31912.0,523355
31919.0,523844
31926.0,524820
31933.0,525735
31940.0,526084
31947.0,526429
31954.0,526772
31961.0,527189
31968.0,527987
31975.0,528330
31982.0,529171
31989.0,529670
31996.0,530510
32003.0,530850
32010.0,531288
32017.0,531971
32024.0,531971
32031.0,532319
32038.0,533054
32045.0,533395
32052.0,533894
32059.0,533894
32066.0,534228
32073.0,534961
32080.0,535305
32087.0,536107
32094.0,536521
32101.0,537311
32108.0,537707
32115.0,538547
32122.0,538547
32129.0,539051
32136.0,540158
32143.0,540659
32150.0,540993
32157.0,541485
32164.0,541485
32171.0,542432
32178.0,542720
32185.0,543212
32192.0,543212
32199.0,543656
32206.0,544146
32213.0,544643
32220.0,544643
32227.0,544927
32234.0,544927
32241.0,545779
32248.0,546184
32255.0,546184
32262.0,546690
32269.0,547258
32276.0,547258
32283.0,547258
32290.0,547597
32297.0,547938
32304.0,548910
32311.0,548910
32318.0,549361
32325.0,549697
32332.0,550404
32339.0,550748
32346.0,551043
32353.0,551345
32360.0,551647
32367.0,551647
32374.0,551647
32381.0,552141
32388.0,552141
32395.0,553036
32402.0,553036
32409.0,553544
32416.0,554146
32423.0,554146
32430.0,554649
32437.0,555160
32444.0,556003
32451.0,556001
32458.0,556844
32465.0,557680
32472.0,558179
32479.0,558670
32486.0,558673
32493.0,559167
32500.0,559167
32507.0,559513
32514.0,559908
32521.0,560761
32528.0,561186
32535.0,561186
32542.0,561862
32549.0,562684
32556.0,563028
32563.0,563374
32570.0,563884
32577.0,564229
32584.0,565578
32591.0,565578
32598.0,565578
32605.0,566224
32612.0,566707
32619.0,566707
32626.0,567430
32633.0,568008
32640.0,568910
32647.0,568910
32654.0,569420
32661.0,570402
32668.0,570912
32675.0,570912
32682.0,570912
32689.0,571721
32696.0,572061
32703.0,572857
32710.0,573202
32717.0,574045
32724.0,574390
32731.0,574388
32738.0,574388
32745.0,574732
32752.0,575376
32759.0,575932
32766.0,576274
32773.0,576593
32780.0,577128
32787.0,577131
32794.0,577430
32801.0,577782
32808.0,577782
32815.0,578283
32822.0,578659
32829.0,579001
32836.0,579487
32843.0,579487
32850.0,579854
32857.0,579854
32864.0,579854
32871.0,579854
32878.0,579854
32885.0,580228
32892.0,580228
32899.0,580228
32906.0,580599
32913.0,580925
32920.0,580925
32927.0,580925
32934.0,580925
32941.0,581417
32948.0,581417
32955.0,581417
32962.0,581417
32969.0,582279
32976.0,582279
32983.0,582279
32990.0,582656
32997.0,583419
33004.0,584305
33011.0,585183
33018.0,586181
33025.0,586181
33032.0,586181
33039.0,586181
33046.0,586181
33053.0,586686
33060.0,586686
33067.0,586678
33074.0,586678
33081.0,586678
33088.0,586677
33095.0,586678
33102.0,587202
33109.0,588692
33116.0,589623
33123.0,589623
33130.0,589623
33137.0,589623
33144.0,589623
33151.0,589623
33158.0,589623
33165.0,589623
33172.0,589623
33179.0,589366
33186.0,588217
33193.0,587938
33200.0,587316
33207.0,586903
33214.0,586016
33221.0,585692
33228.0,585692
33235.0,585692
33242.0,585692
33249.0,585691
33256.0,585691
33263.0,585692
33270.0,585692
33277.0,584765
33284.0,583506
33291.0,583245
33298.0,581560
33305.0,577748
33312.0,574986
33319.0,572453
33326.0,571410
33333.0,568482
33340.0,568482
33347.0,568482
33354.0,568482
33361.0,568482
33368.0,568483
33375.0,568483
33382.0,568483
33389.0,568483
33396.0,568483
33403.0,568483
33410.0,568482
33417.0,568483
33424.0,568483
33431.0,568488
33438.0,568488
33445.0,568488
33452.0,568488
33459.0,568488
33466.0,568502
33473.0,568502
33480.0,568502
33487.0,568503
33494.0,568503
33501.0,568503
33508.0,568503
33515.0,568503
33522.0,568503
33529.0,568503
33536.0,568503
33543.0,568503
33550.0,568503
33557.0,568505
33564.0,568505
33571.0,568505
33578.0,568502
33585.0,568502
33592.0,568502
33599.0,568502
33606.0,568502
33613.0,568508
33620.0,568508
33627.0,568508
33634.0,568508
33641.0,568508
33648.0,568510
33655.0,568510
33662.0,568510
33669.0,568510
33676.0,568510
33683.0,568510
33690.0,568510
33697.0,568510
33704.0,568511
33711.0,568511
33718.0,568511
33725.0,568511
33732.0,568511
33739.0,568511
33746.0,568511
33753.0,568511
33760.0,568511
33767.0,568514
33774.0,568514
33781.0,569521
33788.0,569522
33795.0,569522
33802.0,569520
33809.0,569520
33816.0,569520
33823.0,569521
33830.0,569521
33837.0,569776
33844.0,570092
33851.0,570092
33858.0,570322
33865.0,570322
33872.0,570322
33879.0,571440
33886.0,571438
33893.0,573302
33900.0,573302
33907.0,573503
33914.0,573575
33921.0,573575
33928.0,573837
33935.0,573837
33942.0,573837
33949.0,574039
33956.0,574393
33963.0,574562
33970.0,574638
33977.0,574723
33984.0,574977
33991.0,575145
33998.0,575247
34005.0,575313
34012.0,575311
34019.0,575582
34026.0,575721
34033.0,575806
34040.0,576017
34047.0,576834
34054.0,577378
34061.0,577606
34068.0,578593
34075.0,578593
34082.0,579840
34089.0,581485
34096.0,581689
34103.0,581702
34110.0,581954
34117.0,582037
34124.0,582121
34131.0,582119
34138.0,582425
34145.0,582425
34152.0,582526
34159.0,582754
34166.0,582939
34173.0,582939
34180.0,582939
34187.0,583332
34194.0,583587
34201.0,583753
34208.0,583837
34215.0,584087
34222.0,584087
34229.0,585183
34236.0,585508
34243.0,585587
34250.0,585658
34257.0,585910
34264.0,585993
34271.0,586079
34278.0,586079
34285.0,586248
34292.0,586568
34299.0,586627
34306.0,586793
34313.0,586794
34320.0,586884
34327.0,586884
34334.0,587018
34341.0,587080
34348.0,587080
34355.0,587146
34362.0,587164
34369.0,587192
34376.0,587192
34383.0,587192
34390.0,587192
34397.0,587193
34404.0,587193
34411.0,589169
34418.0,589169
34425.0,589169
34432.0,590256
34439.0,591179
34446.0,591179
34453.0,591179
34460.0,591179
34467.0,591173
34474.0,591173
34481.0,591173
34488.0,591173
34495.0,591178
34502.0,591178
34509.0,591178
34516.0,591178
34523.0,591669
34530.0,591669
34537.0,591670
34544.0,591670
34551.0,591673
34558.0,591672
34565.0,591673
34572.0,591673
34579.0,591673
34586.0,591675
34593.0,591675
34600.0,591675
34607.0,591675
34614.0,591675
34621.0,591676
34628.0,591676
34635.0,591676
34642.0,591676
34649.0,591674
34656.0,591674
34663.0,591674
34670.0,591674
34677.0,591673
34684.0,591673
34691.0,591673
34698.0,591673
34705.0,591673
34712.0,591670
34719.0,591670
34726.0,591670
34733.0,591670
34740.0,591671
34747.0,591671
34754.0,591671
34761.0,591671
34768.0,591673
34775.0,591673
34782.0,591673
34789.0,591673
34796.0,591672
34803.0,591672
34810.0,591673
34817.0,591672
34824.0,591672
34831.0,591671
34838.0,591671
34845.0,591671
34852.0,591671
34859.0,591669
34866.0,591669
34873.0,591669
34880.0,591669
34887.0,591669
34894.0,591669
34901.0,591672
34908.0,591672
34915.0,591700
34922.0,591670
34929.0,591670
34936.0,591670
34943.0,591670
34950.0,591670
34957.0,591673
34964.0,591673
34971.0,591673
34978.0,591673
34985.0,591673
34992.0,591668
34999.0,591668
35006.0,591668
35013.0,591663
35020.0,591663
35027.0,591663
35034.0,591663
35041.0,591663
35048.0,591651
35055.0,591648
35062.0,591648
35069.0,591648
35076.0,591640
35083.0,591640
35090.0,591640
35097.0,591640
35104.0,591640
35111.0,591630
35118.0,591630
35125.0,591630
35132.0,591630
35139.0,591617
35146.0,591617
35153.0,589122
35160.0,589129
35167.0,587644
35174.0,586994
35181.0,586493
35188.0,586493
35195.0,586493
35202.0,586485
35209.0,586485
35216.0,585815
35223.0,585803
35230.0,585803
35237.0,584469
35244.0,584469
35251.0,584465
35258.0,583984
35265.0,583583
35272.0,583114
35279.0,582912
35286.0,581389
35293.0,580868
35300.0,580295
35307.0,578649
35314.0,577575
35321.0,576244
35328.0,575720
35335.0,573665
35342.0,573665
35349.0,573659
35356.0,573659
35363.0,573659
35370.0,573659
35377.0,573621
35384.0,573390
35391.0,572063
35398.0,571119
35405.0,570100
35412.0,569820
35419.0,568094
35426.0,567467
35433.0,566762
35440.0,565816
35447.0,565188
35454.0,564783
35461.0,563793
35468.0,563484
35475.0,563482
35482.0,563482
35489.0,563482
35496.0,563482
35503.0,563474
35510.0,563474
35517.0,563474
35524.0,563474
35531.0,563469
35538.0,563479
35545.0,563479
35552.0,563469
35559.0,563463
35566.0,563463
35573.0,563463
35580.0,563463
35587.0,563463
35594.0,563459
35601.0,563459
35608.0,563459
35615.0,563459
35622.0,563455
35629.0,563455
35636.0,563455
35643.0,563455
35650.0,563452
35657.0,563452
35664.0,563452
35671.0,563452
35678.0,563452
35685.0,563449
35692.0,563449
35699.0,563449
35706.0,563449
35713.0,563444
35720.0,563444
35727.0,563444
35734.0,563444
35741.0,563444
35748.0,563439
35755.0,563439
35762.0,563439
35769.0,563439
35776.0,563439
35783.0,563430
35790.0,563430
35797.0,563430
35804.0,563429
35811.0,563429
35818.0,563429
35825.0,563479
35832.0,563429
35839.0,563430
35846.0,563430
35853.0,563430
35860.0,563430
35867.0,563426
35874.0,563426
35881.0,563426
35888.0,563426
35895.0,563426
35902.0,563426
35909.0,563426
35916.0,563426
35923.0,563426
35930.0,563426
35937.0,563426
35944.0,563426
35951.0,563426
35958.0,563426
35965.0,563428
35972.0,563428
35979.0,563428
35986.0,563429
35993.0,563429
36000.0,563429
36007.0,563429
36014.0,563429
36021.0,563429
36028.0,563426
36035.0,563426
36042.0,563426
36049.0,563426
36056.0,563426
36063.0,563426
36070.0,563426
36077.0,563426
36084.0,563426
36091.0,563426
36098.0,563426
36105.0,563426
36112.0,564015
36119.0,564015
36126.0,564015
36133.0,564015
36140.0,564015
36147.0,568525
36154.0,568525
36161.0,568525
36168.0,568525
36175.0,568525
36182.0,571405
36189.0,571405
36196.0,571405
36203.0,571951
36210.0,572000
36217.0,571951
36224.0,571951
36231.0,571951
36238.0,571951
36245.0,571951
36252.0,571951
36259.0,571951
36266.0,571951
36273.0,571951
36280.0,571951
36287.0,571951
36294.0,572452
36301.0,572452
36308.0,572452
36315.0,572452
36322.0,573595
36329.0,573595
36336.0,573595
36343.0,573595
36350.0,573595
36357.0,574799
36364.0,574799
36371.0,574799
36378.0,574799
36385.0,575702
36392.0,575702
36399.0,575702
36406.0,575702
36413.0,575702
36420.0,574876
36427.0,574876
36434.0,574876
36441.0,574876
36448.0,575472
36455.0,575472
36462.0,575472
36469.0,572791
36476.0,572769
36483.0,570971
36490.0,569836
36497.0,569115
36504.0,567975
36511.0,567976
36518.0,567684
36525.0,567684
36532.0,567242
36539.0,567518
36546.0,568115
36553.0,568414
36560.0,568994
36567.0,569292
36574.0,569293
36581.0,569095
36588.0,569374
36595.0,569374
36602.0,569373
36609.0,569373
36616.0,569412
36623.0,569412
36630.0,569413
36637.0,569413
36644.0,569413
36651.0,569413
36658.0,569413
36665.0,569413
36672.0,569413
36679.0,569413
36686.0,569413
36693.0,569413
36700.0,568417
36707.0,568417
36714.0,568892
36721.0,569368
36728.0,569368
36735.0,569467
36742.0,570352
36749.0,570866
36756.0,570866
36763.0,571106
36770.0,571106
36777.0,571365
36784.0,571365
36791.0,571365
36798.0,570668
36805.0,570280
36812.0,570762
36819.0,570762
36826.0,567886
36833.0,565995
36840.0,564498
36847.0,560326
36854.0,554277
36861.0,552800
36868.0,547704
36875.0,543335
36882.0,541906
36889.0,541188
36896.0,540678
36903.0,540678
36910.0,540678
36917.0,540678
36924.0,541673
36931.0,541676
36938.0,541676
36945.0,541676
36952.0,541676
36959.0,542130
36966.0,542291
36973.0,542291
36980.0,542291
36987.0,542291
36994.0,542290
37001.0,542350
37008.0,542350
37015.0,542809
37022.0,543270
37029.0,543270
37036.0,543270
37043.0,543270
37050.0,543270
37057.0,543270
37064.0,543270
37071.0,543270
37078.0,543733
37085.0,543733
37092.0,543733
37099.0,543733
37106.0,543733
37113.0,543734
37120.0,543734
37127.0,543734
37134.0,543734
37141.0,543734
37148.0,544278
37155.0,544759
37162.0,544759
37169.0,544760
37176.0,544760
37183.0,544760
37190.0,544760
37197.0,545205
37204.0,545734
37211.0,546255
37218.0,546779
37225.0,547325
37232.0,547325
37239.0,548344
37246.0,549047
37253.0,549047
37260.0,550239
37267.0,551271
37274.0,552457
37281.0,553504
37288.0,554224
37295.0,557067
37302.0,557447
37309.0,559171
37316.0,559725
37323.0,559964
37330.0,560916
37337.0,560916
37344.0,560915
37351.0,561487
37358.0,563122
37365.0,564938
37372.0,565517
37379.0,566756
37386.0,567718
37393.0,568339
37400.0,569491
37407.0,570742
37414.0,571859
37421.0,572750
37428.0,574333
37435.0,575417
37442.0,576444
37449.0,577525
37456.0,578048
37463.0,578048
37470.0,578522
37477.0,579095
37484.0,579585
37491.0,580216
37498.0,580885
37505.0,582265
37512.0,583631
37519.0,583983
37526.0,585283
37533.0,586232
37540.0,587731
37547.0,588130
37554.0,588563
37561.0,589075
37568.0,590641
37575.0,591949
37582.0,593506
37589.0,594637
37596.0,597138
37603.0,598083
37610.0,598794
37617.0,598895
37624.0,599095
37631.0,599251
37638.0,599251
37645.0,599247
37652.0,599247
37659.0,599247
37666.0,599247
37673.0,599247
37680.0,599247
37687.0,599247
37694.0,599247
37701.0,599247
37708.0,599247
37715.0,599247
37722.0,599448
37729.0,599448
37736.0,599448
37743.0,599585
37750.0,600390
37757.0,601080
37764.0,601602
37771.0,602527
37778.0,603975
37785.0,605234
37792.0,605532
37799.0,607327
37806.0,608692
37813.0,609300
37820.0,610000
37827.0,610700
37834.0,612413
37841.0,612562
37848.0,612700
37855.0,615926
37862.0,616993
37869.0,618456
37876.0,620228
37883.0,621367
37890.0,622000
37897.0,623805
37904.0,625686
37911.0,627093
37918.0,628750
37925.0,629986
37932.0,631209
37939.0,632222
37946.0,632635
37953.0,633380
37960.0,634179
37967.0,634700
37974.0,635658
37981.0,636355
37988.0,638232
37995.0,639277
38002.0,639586
38009.0,640462
38016.0,641063
38023.0,641855
38030.0,643444
38037.0,645327
38044.0,646581
38051.0,647542
38058.0,648200
38065.0,649569
38072.0,650882
38079.0,652143
38086.0,652985
38093.0,654312
38100.0,656502
38107.0,657588
38114.0,659033
38121.0,659331
38128.0,659480
38135.0,660346
38142.0,661343
38149.0,661339
38156.0,661339
38163.0,662380
38170.0,662380
38177.0,662876
38184.0,662873
38191.0,663967
38198.0,664516
38205.0,665670
38212.0,666182
38219.0,667208
38226.0,668516
38233.0,669003
38240.0,669301
38247.0,669857
38254.0,670442
38261.0,670150
38268.0,669200
38275.0,668949
38282.0,669595
38289.0,669715
38296.0,670323
38303.0,671248
38310.0,671247
38317.0,671247
38324.0,672772
38331.0,673234
38338.0,673606
38345.0,673606
38352.0,674000
38359.0,675606
38366.0,676460
38373.0,677618
38380.0,678627
38387.0,679675
38394.0,680515
38401.0,681059
38408.0,681513
38415.0,682015
38422.0,683657
38429.0,685368
38436.0,686878
38443.0,687500
38450.0,688751
38457.0,689804
38464.0,690740
38471.0,691215
38478.0,692012
38485.0,692467
38492.0,692909
38499.0,693295
38506.0,693939
38513.0,694935
38520.0,695563
38527.0,695800
38534.0,696300
38541.0,697000
38548.0,697484
38555.0,698000
38562.0,698205
38569.0,698933
38576.0,699756
38583.0,700231
38590.0,700500
38597.0,700500
38604.0,699200
38611.0,696464
38618.0,695500
38625.0,693250
38632.0,690520
38639.0,688700
38646.0,687100
38653.0,685200
38660.0,684500
38667.0,684700
38674.0,684400
38681.0,685100
38688.0,685600
38695.0,685600
38702.0,685100
38709.0,685100
38716.0,684600
38723.0,684300
38730.0,684300
38737.0,684496
38744.0,683700
38751.0,683900
38758.0,683900
38765.0,684300
38772.0,684600
38779.0,684800
38786.0,684800
38793.0,685200
38800.0,685700
38807.0,686300
38814.0,686457
38821.0,686896
38828.0,687116
38835.0,687614
38842.0,688057
38849.0,688599
38856.0,688599
38863.0,688598
38870.0,688598
38877.0,688597
38884.0,688599
38891.0,688598
38898.0,688598
38905.0,687848
38912.0,687847
38919.0,687847
38926.0,687846
38933.0,687845
38940.0,687845
38947.0,687843
38954.0,687842
38961.0,687842
38968.0,687840
38975.0,687839
38982.0,687838
38989.0,687838
38996.0,687927
39003.0,687926
39010.0,688195
39017.0,688438
39024.0,688515
39031.0,688605
39038.0,688605
39045.0,688605
39052.0,688605
39059.0,688605
39066.0,688605
39073.0,688605
39080.0,688605
39087.0,688605
39094.0,688605
39101.0,688605
39108.0,688605
39115.0,688605
39122.0,688605
39129.0,688605
39136.0,688605
39143.0,688604
39150.0,688604
39157.0,688604
39164.0,688603
39171.0,688603
39178.0,688661
39185.0,688915
39192.0,689025
39199.0,689313
39206.0,689477
39213.0,689609
39220.0,689691
39227.0,689988
39234.0,690270
39241.0,690270
39248.0,690270
39255.0,690270
39262.0,690270
39269.0,690270
39276.0,690270
39283.0,690270
39290.0,690270
39297.0,690270
39304.0,690270
39311.0,690270
39318.0,690271
39325.0,690271
39332.0,690437
39339.0,690912
39346.0,692541
39353.0,692804
39360.0,692803
39367.0,693305
39374.0,693851
39381.0,693943
39388.0,694035
39395.0,694680
39402.0,694773
39409.0,694773
39416.0,695409
39423.0,695503
39430.0,695600
39437.0,695501
39444.0,696375
39451.0,696549
39458.0,698069
39465.0,698146
39472.0,698145
39479.0,698254
39486.0,698349
39493.0,698349
39500.0,698577
39507.0,698711
39514.0,698822
39521.0,699504
39528.0,699503
39535.0,699750
39542.0,700372
39549.0,701013
39556.0,701132
39563.0,701339
39570.0,701331
39577.0,701992
39584.0,702650
39591.0,703289
39598.0,704102
39605.0,704253
39612.0,704744
39619.0,704846
39626.0,705823
39633.0,705956
39640.0,706068
39647.0,706184
39654.0,706300
39661.0,706815
39668.0,707215
39675.0,707214
39682.0,707213
39689.0,707213
39696.0,707213
39703.0,707212
39710.0,705789
39717.0,704414
39724.0,702414
39731.0,702134
39738.0,701887
39745.0,701833
39752.0,701833
39759.0,701831
39766.0,701830
39773.0,701830
39780.0,701830
39787.0,701828
39794.0,701828
39801.0,701826
39808.0,701824
39815.0,701824
39822.0,701890
39829.0,702063
39836.0,702796
39843.0,703519
39850.0,703843
39857.0,703942
39864.0,704171
39871.0,704903
39878.0,705695
39885.0,707496
39892.0,709343
39899.0,711015
39906.0,712887
39913.0,714150
39920.0,715448
39927.0,716673
39934.0,718737
39941.0,719592
39948.0,720331
39955.0,721616
39962.0,721700
39969.0,721700
39976.0,722285
39983.0,722780
39990.0,723419
39997.0,723418
40004.0,724098
40011.0,724097
40018.0,724096
40025.0,724096
40032.0,724094
40039.0,724093
40046.0,724093
40053.0,724092
40060.0,724092
40067.0,724591
40074.0,725089
40081.0,725087
40088.0,725086
40095.0,725086
40102.0,725084
40109.0,725082
40116.0,725082
40123.0,725081
40130.0,725081
40137.0,725080
40144.0,725603
40151.0,726129
40158.0,726129
40165.0,726128
40172.0,726127
40179.0,726617
40186.0,726616
40193.0,726616
40200.0,726615
40207.0,726615
40214.0,726612
40221.0,726612
40228.0,726612
40235.0,726610
40242.0,726608
40249.0,726608
40256.0,726607
40263.0,726607
40270.0,726606
40277.0,726604
40284.0,726602
40291.0,726601
40298.0,726601
40305.0,726599
40312.0,726597
40319.0,726597
40326.0,726595
40333.0,726595
40340.0,726594
40347.0,726594
40354.0,726592
40361.0,726591
40368.0,726591
40375.0,726591
40382.0,726589
40389.0,726589
40396.0,726586
40403.0,726586
40410.0,726584
40417.0,726583
40424.0,726581
40431.0,726581
40438.0,726177
40445.0,726350
40452.0,726350
40459.0,726513
40466.0,726511
40473.0,726552
40480.0,726552
40487.0,726550
40494.0,726550
40501.0,726549
40508.0,726548
40515.0,726548
40522.0,726548
40529.0,726546
40536.0,726546
40543.0,726546
40550.0,726545
40557.0,726544
40564.0,726544
40571.0,726544
40578.0,726544
40585.0,726543
40592.0,726543
40599.0,726543
40606.0,726542
40613.0,726542
40620.0,726542
40627.0,726542
40634.0,726542
40641.0,726542
40648.0,726542
40655.0,726542
40662.0,726542
40669.0,726542
40676.0,726542
40683.0,726542
40690.0,726542
40697.0,726542
40704.0,726542
40711.0,726531
40718.0,726531
40725.0,726531
40732.0,726531
40739.0,726531
40746.0,724263
40753.0,719761
40760.0,717267
40767.0,711353
40774.0,706551
40781.0,701825
40788.0,696939
40795.0,695939
40802.0,695939
40809.0,695953
40816.0,695953
40823.0,695956
40830.0,695951
40837.0,695951
40844.0,695951
40851.0,695951
40858.0,695950
40865.0,695951
40872.0,695951
40879.0,695951
40886.0,695951
40893.0,695951
40900.0,695951
40907.0,695951
40914.0,695951
40921.0,695951
40928.0,695951
40935.0,695951
40942.0,695951
40949.0,695951
40956.0,695951
40963.0,695951
40970.0,695951
40977.0,695951
40984.0,695951
40991.0,695951
40998.0,695951
41005.0,695951
41012.0,695951
41019.0,695951
41026.0,695951
41033.0,695951
41040.0,695951
41047.0,695951
41054.0,695951
41061.0,695951
41068.0,695951
41075.0,695951
41082.0,695951
41089.0,695951
41096.0,695951
41103.0,695951
41110.0,695951
41117.0,695950
41124.0,695950
41131.0,695950
41138.0,695950
41145.0,695950
41152.0,695950
41159.0,694950
41166.0,694952
41173.0,694952
41180.0,694952
41187.0,694952
41194.0,694952
41201.0,694952
41208.0,694952
41215.0,694952
41222.0,694952
41229.0,694952
41236.0,694952
41243.0,694952
41250.0,694952
41257.0,694952
41264.0,694952
41271.0,694952
41278.0,694952
41285.0,695267
41292.0,695267
41299.0,695460
41306.0,695807
41313.0,695969
41320.0,695969
41327.0,695969
41334.0,695969
41341.0,695969
41348.0,695969
41355.0,695969
41362.0,695969
41369.0,695969
41376.0,695969
41383.0,695969
41390.0,695969
41397.0,695969
41404.0,695969
41411.0,695969
41418.0,695969
41425.0,695969
41432.0,695969
41439.0,695969
41446.0,695969
41453.0,695969
41460.0,695969
41467.0,695969
41474.0,695969
41481.0,695969
41488.0,695969
41495.0,695969
41502.0,695969
41509.0,695969
41516.0,695969
41523.0,695969
41530.0,695969
41537.0,695969
41544.0,695969
41551.0,695969
41558.0,695969
41565.0,695969
41572.0,695969
41579.0,695969
41586.0,695969
41593.0,695969
41600.0,695969
41607.0,695969
41614.0,695969
41621.0,695969
41628.0,695969
41635.0,695969
41642.0,695969
41649.0,695969
41656.0,695969
41663.0,695969
41670.0,695969
41677.0,695969
41684.0,695969
41691.0,695969
41698.0,695969
41705.0,695969
41712.0,695969
41719.0,695969
41726.0,695969
41733.0,695729
41740.0,695106
41747.0,694568
41754.0,693613
41761.0,692864
41768.0,691520
41775.0,690971
41782.0,690971
41789.0,690971
41796.0,690971
41803.0,690972
41810.0,690972
41817.0,690972
41824.0,690972
41831.0,690972
41838.0,690972
41845.0,690972
41852.0,690972
41859.0,690972
41866.0,690972
41873.0,690972
41880.0,690972
41887.0,690972
41894.0,690972
41901.0,690972
41908.0,690970
41915.0,690969
41922.0,690968
41929.0,690968
41936.0,690967
41943.0,690967
41950.0,690966
41957.0,690966
41964.0,690966
41971.0,690965
41978.0,690963
41985.0,690963
41992.0,690963
41999.0,690963
42006.0,690961
42013.0,690959
42020.0,690958
42027.0,690957
42034.0,690957
42041.0,690956
42048.0,690955
42055.0,690955
42062.0,690955
42069.0,690953
42076.0,690953
42083.0,690952
42090.0,690952
42097.0,690952
42104.0,690950
42111.0,690950
42118.0,690948
42125.0,690948
42132.0,690947
42139.0,691260
42146.0,691847
42153.0,692346
42160.0,692345
42167.0,692944
42174.0,693294
42181.0,693692
42188.0,694223
42195.0,694622
42202.0,695135
42209.0,695134
42216.0,695134
42223.0,695134
42230.0,695133
42237.0,695133
42244.0,695133
42251.0,695130
42258.0,695130
42265.0,695130
42272.0,695128
42279.0,695128
42286.0,695128
42293.0,695127
42300.0,695127
42307.0,695127
42314.0,695126
42321.0,695126
42328.0,695125
42335.0,695125
42342.0,695123
42349.0,695123
42356.0,695123
42363.0,695120
42370.0,695120
42377.0,695119
42384.0,695118
42391.0,695118
42398.0,695117
42405.0,695116
42412.0,695116
42419.0,695115
42426.0,695115
42433.0,695112
42440.0,695114
42447.0,695114
42454.0,695112
42461.0,695112
42468.0,695112
42475.0,695112
42482.0,695111
42489.0,695108
42496.0,695107
42503.0,695107
42510.0,695106
42517.0,695106
42524.0,695104
42531.0,695104
42538.0,695104
42545.0,695104
42552.0,695102
42559.0,695100
42566.0,695099
42573.0,695099
42580.0,695099
42587.0,695096
42594.0,695096
42601.0,695095
42608.0,695094
42615.0,695093
42622.0,695093
42629.0,695092
42636.0,695092
42643.0,695091
42650.0,695090
42657.0,695089
42664.0,695089
42671.0,695088
42678.0,695087
42685.0,695087
42692.0,695086
42699.0,695085
42706.0,695084
42713.0,695084
42720.0,695083
42727.0,695082
42734.0,695082
42741.0,695082
42748.0,695081
42755.0,695081
42762.0,695079
42769.0,695078
42776.0,695078
42783.0,695078
42790.0,695076
42797.0,694825
42804.0,694009
42811.0,693383
42818.0,692659
42825.0,692135
42832.0,691510
42839.0,691311
42846.0,690810
42853.0,689338
42860.0,688787
42867.0,688059
42874.0,687661
42881.0,686682
42888.0,685026
42895.0,684625
42902.0,683842
42909.0,682436
42916.0,682037
42923.0,678887
42930.0,678885
42937.0,678885
42944.0,678884
42951.0,678883
42958.0,678883
42965.0,678883
42972.0,678880
42979.0,678600
42986.0,677007
42993.0,675397
43000.0,674601
43007.0,673649
43014.0,672449
43021.0,671691
43028.0,671377
43035.0,670587
43042.0,669906
43049.0,669200
43056.0,667475
43063.0,665111
43070.0,662663
43077.0,662911
43084.0,663294
43091.0,663392
43098.0,663748
43105.0,663747
43112.0,664218
43119.0,664454
43126.0,664686
43133.0,665148
43140.0,665568
43147.0,664872
43154.0,665281
43161.0,665458
43168.0,665458
43175.0,665458
43182.0,665458
43189.0,665456
43196.0,665456
43203.0,665456
43210.0,664718
43217.0,664266
43224.0,663557
43231.0,662037
43238.0,661336
43245.0,660777
43252.0,660168
43259.0,660168
43266.0,660016
43273.0,660016
43280.0,660016
43287.0,660015
43294.0,660014
43301.0,660014
43308.0,660014
43315.0,660013
43322.0,660013
43329.0,660012
43336.0,660012
43343.0,660012
43350.0,660011
43357.0,660010
43364.0,660010
43371.0,660010
43378.0,658704
43385.0,657634
43392.0,656476
43399.0,654935
43406.0,654700
43413.0,653329
43420.0,652569
43427.0,650564
43434.0,649561
43441.0,649563
43448.0,649137
43455.0,649139
43462.0,649139
43469.0,649139
43476.0,649139
43483.0,649139
43490.0,649139
43497.0,649139
43504.0,649139
43511.0,649139
43518.0,649139
43525.0,649126
43532.0,649126
43539.0,649126
43546.0,649126
43553.0,649126
43560.0,649126
43567.0,649126
43574.0,649126
43581.0,648587
43588.0,647717
43595.0,645953
43602.0,644818
43609.0,644818
43616.0,644818
43623.0,644818
43630.0,644818
43637.0,644818
43644.0,644818
43651.0,644818
43658.0,644818
43665.0,644818
43672.0,644818
43679.0,644818
43686.0,644818
43693.0,644818
43700.0,644818
43707.0,644818
43714.0,644818
43721.0,644818
43728.0,644818
43735.0,644818
43742.0,644618
43749.0,643349
43756.0,642350
43763.0,641652
43770.0,640952
43777.0,639509
43784.0,637537
43791.0,636170
43798.0,635166
43805.0,634968
43812.0,634967
43819.0,634967
43826.0,634967
43833.0,634967
43840.0,634967
43847.0,634967
43854.0,634967
43861.0,634967
43868.0,634967
43875.0,634967
43882.0,634967
43889.0,634967
43896.0,634967
43903.0,634967
43910.0,634967
43917.0,634967
43924.0,634967
43931.0,634967
43938.0,634967
43945.0,636117
43952.0,637833
43959.0,639766
43966.0,641648
43973.0,643759
43980.0,647779
43987.0,649999
43994.0,651730
44001.0,653721
44008.0,655413
44015.0,656023
44022.0,656149
44029.0,656147
44036.0,656147
44043.0,656141
44050.0,653899
44057.0,651228
44064.0,649465
44071.0,648165
44078.0,647860
44085.0,645733
44092.0,644952
44099.0,643151
44106.0,642006
44113.0,640847
44120.0,640081
44127.0,639423
44134.0,639270
44141.0,638706
44148.0,638301
44155.0,638190
44162.0,638190
44169.0,638085
44176.0,638086
44183.0,638085
44190.0,638085
44197.0,638085
44204.0,638085
44211.0,638085
44218.0,638086
44225.0,638086
44232.0,637921
44239.0,637773
44246.0,637773
44253.0,637773
44260.0,637773
44267.0,637773
44274.0,637773
44281.0,637773
44288.0,637773
44295.0,636667
44302.0,635924
44309.0,634475
44316.0,633427
44323.0,632028
44330.0,630127
44337.0,628481
44344.0,627833
44351.0,626484
44358.0,625593
44365.0,623888
44372.0,622487
44379.0,621304
44386.0,621304
44393.0,621304
44400.0,621304
44407.0,621304
44414.0,621304
44421.0,621302
44428.0,621302
44435.0,621302
44442.0,621302
44449.0,620773
44456.0,619569
44463.0,618689
44470.0,617770
44477.0,616970
44484.0,615276
44491.0,614186
44498.0,612541
44505.0,609396
44512.0,606147
44519.0,604505
44526.0,602556
44533.0,600867
44540.0,598917
44547.0,596381
44554.0,595028
44561.0,593682
44568.0,593382
44575.0,592034
44582.0,590782
44589.0,588912
44596.0,587515
44603.0,584828
44610.0,582384
44617.0,580020
44624.0,577496
44631.0,575513
44638.0,571323
44645.0,568322
44652.0,564580
44659.0,560681
44666.0,555980
44673.0,553070
44680.0,549985
44687.0,542994
44694.0,537984
44701.0,532013
44708.0,526592
44715.0,519323
44722.0,511612
44729.0,504818
44736.0,497868
44743.0,492028
44750.0,485147
44757.0,480149
44764.0,474545
44771.0,469855
44778.0,464558
44785.0,461156
44792.0,453065
44799.0,449998
44806.0,442471
44813.0,434057
44820.0,427158
44827.0,422583
44834.0,416389
44841.0,408699
44848.0,405135
44855.0,401718
44862.0,399792
44869.0,396219
44876.0,392119
44883.0,390518
44890.0,389116
44897.0,387019
44904.0,382271
44911.0,378624
44918.0,375128
44925.0,372380
44932.0,371580
44939.0,371579
44946.0,371579
44953.0,371579
44960.0,371579
44967.0,371579
44974.0,371579
44981.0,371579
44988.0,371579
44995.0,371579
45002.0,371579
45009.0,371579
45016.0,371175
45023.0,369575
45030.0,367963
45037.0,366942
45044.0,364938
45051.0,362014
45058.0,359586
45065.0,357954
45072.0,355436
45079.0,353569
45086.0,351687
45093.0,349968
45100.0,348617
45107.0,347159
45114.0,346758
45121.0,346759
45128.0,346759
45135.0,346759
45142.0,347754
45149.0,348354
45156.0,348948
45163.0,349542
45170.0,350340
45177.0,350630
45184.0,351230
45191.0,350980
45198.0,351280
45205.0,351274
45212.0,351274
45219.0,351274
45226.0,351274
45233.0,351274
45240.0,351274
45247.0,351274
45254.0,351587
45261.0,351917
45268.0,351911
45275.0,352540
45282.0,353333
45289.0,354388
45296.0,354994
45303.0,355590
45310.0,356510
45317.0,357402
45324.0,358017
45331.0,358763
45338.0,359511
45345.0,360254
45352.0,360960
45359.0,361556
45366.0,362306
45373.0,363050
45380.0,363641
45387.0,364236
45394.0,364884
45401.0,365677
45408.0,366271
45415.0,367218
45422.0,367811
45429.0,368804
45436.0,369289
45443.0,370187
45450.0,370526
45457.0,370912
45464.0,372197
45471.0,372595
45478.0,373072
45485.0,373722
45492.0,374412
45499.0,375097
45506.0,375833
45513.0,376527
45520.0,377163
45527.0,377908
45534.0,379672
45541.0,379951
45548.0,380606
45555.0,381893
45562.0,382553
45569.0,382930
45576.0,383882
45583.0,384642
45590.0,385831
45597.0,387223
45604.0,387790
45611.0,389190
45618.0,390362
45625.0,391807
45632.0,392531
45639.0,393050
45646.0,393310
45653.0,393570
45660.0,393817
45667.0,394317
45674.0,394566
45681.0,394814
45688.0,395064
45695.0,395313
45702.0,395313
45709.0,395313
45716.0,395313
45723.0,395588
45730.0,395863
45737.0,396149
45744.0,396434
45751.0,396710
45758.0,397009
45765.0,397477
45772.0,398542
45779.0,399122
45786.0,399650
45793.0,400493
45800.0,401313
45807.0,401822
45814.0,402059
45821.0,402289
45828.0,402526
45835.0,402765
45842.0,403003
45849.0,402703
45856.0,402503
45863.0,402741
45870.0,402976
45877.0,403202
45884.0,403425
45891.0,404201
45898.0,404710
45905.0,405224
45912.0,405728
45919.0,405958
45926.0,406700
45933.0,406985
45940.0,407745
45947.0,408564
45954.0,409097
45961.0,409595
45968.0,410393
45975.0,410926
45982.0,411424
45989.0,411674
45996.0,411922
46003.0,412171
46010.0,412971
46017.0,413219
46024.0,413464
46031.0,413678
46038.0,414484
46045.0,414999
46052.0,415213
46059.0,415212
46066.0,415441
46073.0,415441
46080.0,415441
46087.0,415442
46094.0,415442
46101.0,415442
46108.0,415064
46115.0,413325
46122.0,409181
46129.0,405045
46136.0,397924
46143.0,392700
46150.0,384095
46157.0,374175
46164.0,365112
46171.0,357119
46178.0,349192
46185.0,340251
46192.0,331191
46199.0,325655
46206.0,319489
46213.0,316504
46220.0,311447
46227.0,307650
46234.0,304809
46241.0,298694
46248.0,293426
46255.0,289726
46262.0,286604
46269.0,285360
46276.0,284957
