ticker,stage,metric,mw,qualifier,as_of,counterparty,contract_value_usd_bn,target,after_balance_sheet_date,tier,filing_or_source,accession,page,url,quote,status,refreshed_et
CRWV,contracted,contracted_power,3100,approx,2025-12-31,,,over future periods (no date),no,T1,10-K,0001769628-26-000104,5,https://www.sec.gov/Archives/edgar/data/1769628/000176962826000104/crwv-20251231.htm,"As of December 31, 2025, our total contracted power capacity was approximately 3.1 GW, which we expect to deploy over future periods.",verified,2026-10-05 17:51 ET
CRWV,under_construction,undelivered_leased,393,,2026-06-30,,,in phases in 2026 and 2028,no,T1,10-Q,0001769628-26-000366,24,https://www.sec.gov/Archives/edgar/data/1769628/000176962826000366/crwv-20260630.htm,"As of June 30, 2026, 393 MW of electrical power remained undelivered at the site and was expected to be delivered in phases in 2026 and 2028.",verified,2026-10-05 17:51 ET
CRWV,under_construction,undelivered_leased,355,,2026-06-30,,,in phases between 2026 and 2028,no,T1,10-Q,0001769628-26-000366,25,https://www.sec.gov/Archives/edgar/data/1769628/000176962826000366/crwv-20260630.htm,"As of June 30, 2026, 355 MW of electrical power remains undelivered at these sites and are expected to be delivered in phases between 2026 and 2028.",verified,2026-10-05 17:51 ET
NBIS,contracted,contracted_power,2000,over,2026-02-28,,,"no date; nine new sites in the US, Europe and Israel",no,T1,20-F,0001104659-26-052948,35,https://www.sec.gov/Archives/edgar/data/1513845/000110465926052948/nbis-20251231x20f.htm,"As of February 2026, we had contracted more than 2 GW of power.",verified,2026-10-05 17:51 ET
IREN,contracted,contracted_it,,,2026-06-30,Microsoft,9.7,Horizon 1 delivered and accepted Aug-2026; Horizons 2–4 in phases in calendar Q4 2026,no,T1,10-K,0001878848-26-000052,37,https://www.sec.gov/Archives/edgar/data/1878848/000187884826000052/iren-20260630.htm,"While Horizon 1 was delivered to, and accepted by, Microsoft in August 2026, Horizon 2-4 is targeted for delivery in phases in calendar Q4 2026",verified,2026-10-05 17:51 ET
IREN,contracted,contracted_it,,,2026-06-30,NVIDIA,3.4,"three tranches in 2027, five-year term",no,T1,10-Q,0001878848-26-000026,64,https://www.sec.gov/Archives/edgar/data/1878848/000187884826000026/iren-20260331.htm,The GPU services will be made available to NVIDIA Corporation in three tranches targeted for deployment during 2027,verified,2026-10-05 17:51 ET
IREN,under_construction,dc_development,150,,2026-03-31,,,no date,no,T1,10-Q,0001878848-26-000026,42,https://www.sec.gov/Archives/edgar/data/1878848/000187884826000026/iren-20260331.htm,The transition also includes the development of 150MW of additional direct-to-chip liquid cooling data centers at the Childress campus (Horizons 5 and 6).,verified,2026-10-05 17:51 ET
IREN,announced,grid_gross,5000,approx,2026-06-30,,,"no date; nine projects in the US, Canada, Spain and Australia",no,T1,10-K,0001878848-26-000052,12,https://www.sec.gov/Archives/edgar/data/1878848/000187884826000052/iren-20260630.htm,"executed grid connection agreements, letters of agreement or equivalents representing approximately 5GW of total power capacity in the United States, Canada, Spain and Australia",verified,2026-10-05 17:51 ET
APLD,contracted,contracted_it,1410,,2026-05-31,,36.2,"2H25–2H28 (five campuses, ~15-year leases)",no,T1,10-K,0001144879-26-000048,7,https://www.sec.gov/Archives/edgar/data/1144879/000114487926000048/apld-20260531.htm,"Delta Forge 2 High investment-grade hyperscaler 210 MW 15 years ~$5.2B 1H28 Total / Portfolio 1,410 MW ~$36.2B 2H25–2H28",verified,2026-10-05 17:51 ET
APLD,announced,grid_gross,3000,over,2026-05-31,,,no date,no,T1,10-K,0001144879-26-000048,7,https://www.sec.gov/Archives/edgar/data/1144879/000114487926000048/apld-20260531.htm,We are advancing an active development pipeline of over 3 GW of utility (gross) power,verified,2026-10-05 17:51 ET
CORZ,under_construction,leased_customer,195,,2026-06-30,CoreWeave,,in construction and commissioning (no date),no,T1,10-Q,0001839341-26-000014,30,https://www.sec.gov/Archives/edgar/data/1839341/000183934126000014/core-20260630.htm,with the remaining 195 MW in various stages of construction and commissioning,verified,2026-10-05 17:51 ET
CORZ,contracted,contracted_it,377,,2026-07-31,AMD,,"15-year leases (+3 five-year options); Pecos TX, Muskogee OK, Hunt County TX",yes,T1,10-Q,0001839341-26-000014,28,https://www.sec.gov/Archives/edgar/data/1839341/000183934126000014/core-20260630.htm,"with Advanced Micro Devices, Inc. (“AMD”) for an aggregate of 377 MW of critical IT capacity at the Company’s Pecos, TX; Muskogee, OK; and Hunt County, TX sites",verified,2026-10-05 17:51 ET
CORZ,contracted,contracted_it,152,,2026-07-31,a neocloud (unnamed),,15-year leases; Auburn AL and Dalton Phase 3 GA,yes,T1,10-Q,0001839341-26-000014,28,https://www.sec.gov/Archives/edgar/data/1839341/000183934126000014/core-20260630.htm,"for 152 MW of critical IT capacity at the Company’s Auburn, AL and Dalton Phase 3, GA sites",verified,2026-10-05 17:51 ET
ORCL,contracted,secured_partners,10000,over,FY2026Q3,,,over the next three years; more than 90% funded through partners,no,T2,Oracle Q3 FY2026 earnings call,,6,,"Through our partners, we have secured more than 10 gigawatts of power and data center capacity coming online over the next three years; greater than 90% of that capacity is fully funded through our partners",company_statement,2026-10-05 17:51 ET
