ticker,metric,mw,qualifier,as_of,data_centers,ownership,tier,filing_or_source,accession,page,url,quote,status,refreshed_et
CRWV,active_power,850,over,2025-12-31,43,leased,T1,10-K,0001769628-26-000104,5,https://www.sec.gov/Archives/edgar/data/1769628/000176962826000104/crwv-20251231.htm,"As of December 31, 2025, we operated 43 data centers with over 850 MW of active power.",verified,2026-10-06 09:34 ET
NBIS,active_power,170,approx,2025-12-31,,mixed,T1,20-F,0001104659-26-052948,35,https://www.sec.gov/Archives/edgar/data/1513845/000110465926052948/nbis-20251231x20f.htm,"As of December 31, 2025, we had approximately 170 MW of active power capacity across the globe",verified,2026-10-06 09:34 ET
IREN,operating_ai,40,approx,2026-06-30,,owned,T1,10-K,0001878848-26-000052,12,https://www.sec.gov/Archives/edgar/data/1878848/000187884826000052/iren-20260630.htm,"As of June 30, 2026, our operating AI Cloud Services capacity represented approximately 40MW.",verified,2026-10-06 09:34 ET
IREN,mining_dc,380,approx,2026-06-30,,,T1,10-K,0001878848-26-000052,14,https://www.sec.gov/Archives/edgar/data/1878848/000187884826000052/iren-20260630.htm,"As of June 30, 2026, our installed Bitcoin mining capacity was approximately 23.2 EH/s, representing approximately 380MW of data center capacity.",verified,2026-10-06 09:34 ET
APLD,critical_it_operating,100,approx,2026-05-31,,owned,T1,10-K,0001144879-26-000048,7,https://www.sec.gov/Archives/edgar/data/1144879/000114487926000048/apld-20260531.htm,of which approximately 100 MW was operating and revenue-generating,verified,2026-10-06 09:34 ET
APLD,hosting,286,approx,2026-05-31,,owned,T1,10-K,0001144879-26-000048,7,https://www.sec.gov/Archives/edgar/data/1144879/000114487926000048/apld-20260531.htm,"We operate hosting sites in Jamestown, North Dakota (a 106 MW facility) and Ellendale, North Dakota (a 180 MW facility), representing total hosting capacity of approximately 286 MW.",verified,2026-10-06 09:34 ET
CORZ,billable,395,approx,2026-06-30,,owned,T1,10-Q,0001839341-26-000014,30,https://www.sec.gov/Archives/edgar/data/1839341/000183934126000014/core-20260630.htm,"Billable customer power capacity of 395 MW as of June 30, 2026, against 590 MW of leased customer power capacity, with the remaining 195 MW in various stages of construction and commissioning.",verified,2026-10-06 09:34 ET
ORCL,delivered,1200,over,FY2026,,,T2,Oracle Q4 FY2026 earnings call,,7,,"FY 2026, where we delivered more than 1.2 gigawatts to customers",company statement,2026-10-06 09:34 ET
ORCL,delivered,400,approx,FY2026Q2,,,T2,Oracle Q2 FY2026 earnings call,,4,,close to 400 megawatts of data center capacity handed over to customers; 50% more GPU capacity than Q1,company statement,2026-10-06 09:34 ET
ORCL,delivered,400,approx,FY2026Q3,,,T2,Oracle Q3 FY2026 earnings call,,6,,delivered more than 400 megawatts to customers; 90% of committed capacity delivered on or ahead of schedule,company statement,2026-10-06 09:34 ET
ORCL,delivered,290,derived,FY2026Q4,,,T2,Oracle Q1 FY2027 earnings call,,6,,1Q27 delivery (850 MW) was 'almost three times what we delivered in all of Q4' → about 290 MW,derived from company ratios,2026-10-06 09:34 ET
ORCL,delivered,850,,FY2027Q1,,,T2,Oracle Q1 FY2027 earnings call,,6,,"850 megawatts of AI capacity, containing more than 300,000 GPUs, delivered since the end of Q4; 73% of the total capacity delivered in all of FY2026",company statement,2026-10-06 09:34 ET
