at,kind,id,old,value,old_accession,accession
2026-10-04T02:36:24Z,new,MSFT.debt_repaid.FY2022Q4,,0,,"0000950170-24-087843,0000950170-23-014423"
2026-10-04T02:36:24Z,new,MSFT.debt_proceeds.FY2023Q1,,0,,0000950170-23-054855
2026-10-04T02:36:24Z,new,MSFT.debt_repaid.FY2023Q1,,1000000000,,0000950170-23-054855
2026-10-04T02:36:24Z,new,MSFT.debt_proceeds.FY2023Q2,,0,,0000950170-24-008814
2026-10-04T02:36:24Z,new,MSFT.debt_repaid.FY2023Q2,,750000000,,0000950170-24-008814
2026-10-04T02:36:24Z,new,MSFT.cp_net.FY2023Q2,,0,,0000950170-24-008814
2026-10-04T02:36:24Z,new,MSFT.debt_proceeds.FY2023Q3,,0,,0000950170-24-048288
2026-10-04T02:36:24Z,new,MSFT.debt_repaid.FY2023Q3,,0,,0000950170-24-048288
2026-10-04T02:36:24Z,new,MSFT.cp_net.FY2023Q3,,0,,0000950170-24-048288
2026-10-04T02:36:24Z,new,MSFT.debt_proceeds.FY2023Q4,,0,,"0000950170-25-100235,0000950170-24-048288"
2026-10-04T02:36:24Z,new,MSFT.debt_repaid.FY2023Q4,,1000000000,,"0000950170-25-100235,0000950170-24-048288"
2026-10-04T02:36:24Z,new,MSFT.cp_net.FY2023Q4,,0,,"0000950170-25-100235,0000950170-24-048288"
2026-10-04T02:36:24Z,new,MSFT.debt_proceeds.FY2024Q1,,7073000000,,0000950170-24-118967
2026-10-04T02:36:24Z,new,MSFT.debt_repaid.FY2024Q1,,1500000000,,0000950170-24-118967
2026-10-04T02:36:24Z,new,MSFT.cp_net.FY2024Q1,,18692000000,,0000950170-24-118967
2026-10-04T02:36:24Z,new,MSFT.debt_proceeds.FY2024Q2,,10773000000,,0000950170-25-010491
2026-10-04T02:36:24Z,new,MSFT.debt_repaid.FY2024Q2,,2916000000,,0000950170-25-010491
2026-10-04T02:36:24Z,new,MSFT.cp_net.FY2024Q2,,-8490000000,,0000950170-25-010491
2026-10-04T02:36:24Z,new,MSFT.debt_proceeds.FY2024Q3,,6352000000,,0000950170-25-061046
2026-10-04T02:36:24Z,new,MSFT.debt_repaid.FY2024Q3,,11589000000,,0000950170-25-061046
2026-10-04T02:36:24Z,new,MSFT.cp_net.FY2024Q3,,-3810000000,,0000950170-25-061046
2026-10-04T02:36:24Z,new,MSFT.debt_proceeds.FY2024Q4,,197000000,,"0001193125-26-323660,0000950170-25-061046"
2026-10-04T02:36:24Z,new,MSFT.debt_repaid.FY2024Q4,,13065000000,,"0001193125-26-323660,0000950170-25-061046"
2026-10-04T02:36:24Z,new,MSFT.cp_net.FY2024Q4,,-1142000000,,"0001193125-26-323660,0000950170-25-061046"
2026-10-04T02:36:24Z,new,MSFT.debt_proceeds.FY2025Q1,,0,,0000950170-24-118967
2026-10-04T02:36:24Z,new,MSFT.debt_repaid.FY2025Q1,,966000000,,0001193125-25-256321
2026-10-04T02:36:24Z,new,MSFT.cp_net.FY2025Q1,,-5746000000,,0001193125-25-256321
2026-10-04T02:36:24Z,new,MSFT.debt_proceeds.FY2025Q2,,0,,0000950170-25-010491
2026-10-04T02:36:24Z,new,MSFT.debt_repaid.FY2025Q2,,0,,0001193125-26-027207
2026-10-04T02:36:24Z,new,MSFT.cp_net.FY2025Q2,,0,,0000950170-25-010491
2026-10-04T02:36:24Z,new,MSFT.debt_proceeds.FY2025Q3,,0,,0000950170-25-061046
2026-10-04T02:36:24Z,new,MSFT.debt_repaid.FY2025Q3,,2250000000,,0001193125-26-191507
2026-10-04T02:36:24Z,new,MSFT.cp_net.FY2025Q3,,0,,0000950170-25-061046
2026-10-04T02:36:24Z,new,MSFT.debt_proceeds.FY2025Q4,,0,,"0001193125-26-323660,0000950170-25-061046"
2026-10-04T02:36:24Z,new,MSFT.debt_repaid.FY2025Q4,,0,,"0001193125-26-323660,0001193125-26-191507"
2026-10-04T02:36:24Z,new,MSFT.cp_net.FY2025Q4,,0,,"0001193125-26-323660,0000950170-25-061046"
2026-10-04T02:36:24Z,new,MSFT.debt_repaid.FY2026Q1,,0,,0001193125-25-256321
2026-10-04T02:36:24Z,new,MSFT.cp_net.FY2026Q1,,0,,0001193125-25-256321
2026-10-04T02:36:24Z,new,MSFT.debt_repaid.FY2026Q2,,3000000000,,0001193125-26-027207
2026-10-04T02:36:24Z,new,MSFT.debt_repaid.FY2026Q3,,0,,0001193125-26-191507
2026-10-04T02:36:24Z,new,MSFT.debt_repaid.FY2026Q4,,0,,"0001193125-26-323660,0001193125-26-191507"
2026-10-04T02:36:24Z,new,GOOGL.debt_repaid.FY2022Q2,,13162000000,,"0001652044-23-000070,0001652044-23-000045"
2026-10-04T02:36:24Z,new,GOOGL.debt_repaid.FY2022Q3,,15768000000,,"0001652044-23-000094,0001652044-23-000070"
2026-10-04T02:36:24Z,new,GOOGL.debt_repaid.FY2022Q4,,8718000000,,"0001652044-25-000014,0001652044-23-000094"
2026-10-04T02:36:24Z,new,GOOGL.debt_repaid.FY2023Q1,,6952000000,,0001652044-24-000053
2026-10-04T02:36:24Z,new,GOOGL.debt_repaid.FY2023Q2,,1255000000,,"0001652044-24-000079,0001652044-24-000053"
2026-10-04T02:36:24Z,new,GOOGL.debt_repaid.FY2023Q3,,1414000000,,"0001652044-24-000118,0001652044-24-000079"
2026-10-04T02:36:24Z,new,GOOGL.debt_repaid.FY2023Q4,,1929000000,,"0001652044-26-000018,0001652044-24-000118"
2026-10-04T02:36:24Z,new,GOOGL.debt_repaid.FY2024Q1,,3079000000,,0001652044-25-000043
2026-10-04T02:36:24Z,new,GOOGL.debt_repaid.FY2024Q2,,2423000000,,"0001652044-25-000062,0001652044-25-000043"
2026-10-04T02:36:24Z,new,GOOGL.debt_repaid.FY2024Q3,,3449000000,,"0001652044-25-000091,0001652044-25-000062"
2026-10-04T02:36:24Z,new,GOOGL.debt_repaid.FY2024Q4,,3750000000,,"0001652044-26-000018,0001652044-25-000091"
2026-10-04T02:36:24Z,new,GOOGL.debt_repaid.FY2025Q1,,4521000000,,0001652044-26-000048
2026-10-04T02:36:24Z,new,GOOGL.debt_repaid.FY2025Q2,,13876000000,,"0001652044-26-000071,0001652044-26-000048"
2026-10-04T02:36:24Z,new,GOOGL.debt_repaid.FY2025Q3,,7697000000,,"0001652044-25-000091,0001652044-26-000071"
2026-10-04T02:36:24Z,new,GOOGL.debt_repaid.FY2025Q4,,6333000000,,"0001652044-26-000018,0001652044-25-000091"
2026-10-04T02:36:24Z,new,GOOGL.debt_repaid.FY2026Q1,,1477000000,,0001652044-26-000048
2026-10-04T02:36:24Z,new,GOOGL.debt_repaid.FY2026Q2,,3776000000,,"0001652044-26-000071,0001652044-26-000048"
2026-10-04T02:36:24Z,new,GOOGL.dividends.FY2026Q2,,2689000000,,"0001652044-26-000071,0001652044-26-000048"
2026-10-04T02:36:24Z,new,ORCL.debt_proceeds.FY2025Q2,,6210000000,,"0001193125-25-315925,0001193125-25-200095"
2026-10-04T02:36:24Z,new,ORCL.debt_proceeds.FY2026Q2,,17880000000,,"0001193125-25-315925,0001193125-25-200095"
2026-10-04T02:36:24Z,new,IREN.debt_proceeds.FY2025Q3,,0,,"0001878848-26-000026,0001878848-26-000015"
2026-10-04T02:36:24Z,new,IREN.debt_repaid.FY2025Q3,,0,,"0001878848-26-000026,0001878848-26-000015"
2026-10-04T02:36:24Z,new,IREN.debt_proceeds.FY2025Q4,,389565000,,"0001878848-26-000052,0001878848-26-000026"
2026-10-04T02:36:24Z,new,IREN.debt_repaid.FY2025Q4,,0,,"0001878848-26-000052,0001878848-26-000026"
2026-10-04T02:36:24Z,new,IREN.debt_proceeds.FY2026Q3,,0,,"0001878848-26-000026,0001878848-26-000015"
2026-10-04T02:36:24Z,new,IREN.debt_repaid.FY2026Q3,,0,,"0001878848-26-000026,0001878848-26-000015"
2026-10-04T02:36:24Z,new,IREN.debt_proceeds.FY2026Q4,,3000000000,,"0001878848-26-000052,0001878848-26-000026"
2026-10-04T02:36:24Z,new,IREN.debt_repaid.FY2026Q4,,-8399000,,"0001878848-26-000052,0001878848-26-000026"
2026-10-04T02:36:24Z,new,APLD.debt_repaid.FY2023Q1,,7488000,,0001898844-23-000006
2026-10-04T02:36:24Z,new,APLD.debt_repaid.FY2024Q1,,3463000,,0001898844-23-000006
2026-10-04T02:36:24Z,new,APLD.debt_proceeds.FY2024Q2,,-3750000,,"0001144879-25-000006,0001898844-23-000006"
2026-10-04T02:36:24Z,new,APLD.debt_proceeds.FY2024Q3,,0,,"0001628280-25-017684,0001144879-25-000006"
2026-10-04T02:36:24Z,new,APLD.debt_proceeds.FY2024Q4,,0,,"0001144879-26-000048,0001628280-25-017684"
2026-10-04T02:36:24Z,new,APLD.debt_repaid.FY2025Q1,,5886000,,0001144879-25-000069
2026-10-04T02:36:24Z,new,APLD.debt_repaid.FY2025Q2,,127428000,,"0001144879-26-000006,0001144879-25-000069"
2026-10-04T02:36:24Z,new,APLD.debt_repaid.FY2025Q3,,157221000,,"0001144879-26-000030,0001144879-26-000006"
2026-10-04T02:36:24Z,new,APLD.debt_repaid.FY2025Q4,,2510000,,"0001144879-26-000048,0001144879-26-000030"
2026-10-04T02:36:24Z,new,APLD.debt_repaid.FY2026Q1,,2416000,,0001144879-25-000069
2026-10-04T02:36:24Z,new,APLD.debt_repaid.FY2026Q2,,427870000,,"0001144879-26-000006,0001144879-25-000069"
2026-10-04T02:36:24Z,new,APLD.debt_repaid.FY2026Q3,,2250000,,"0001144879-26-000030,0001144879-26-000006"
2026-10-04T02:36:24Z,new,APLD.revenue.FY2026Q4,,258749000,,"0001144879-26-000048,0001144879-26-000030"
2026-10-04T02:36:24Z,new,APLD.debt_repaid.FY2026Q4,,88976000,,"0001144879-26-000048,0001144879-26-000030"
2026-10-04T02:36:24Z,new,CORZ.debt_proceeds.FY2024Q4,,-447609000,,"0001628280-26-013232,0001628280-24-045811"
2026-10-04T00:26:06Z,metric_added,*.ol_pay_due,,102,,
2026-10-04T00:26:06Z,metric_added,*.fl_pay_due,,91,,
2026-10-04T00:26:06Z,metric_added,*.interest_paid,,68,,
2026-10-03T15:30:57Z,metric_added,*.revenue,,135,,
2026-10-03T14:04:01Z,initial,*,,2192,,
