ticker,instrument_id,type,seniority,amount_outstanding_usd_m,coupon_pct,coupon_type,issue_date,maturity,report_date,source,pulled,status
META,30303MAB8,Notes/Bonds,Senior Unsecured,4000,4.2,Fixed,2025-11-03,2030-11-15,2026-06-30,FactSet Debt Capital Structure,2026-10-03,needs review (match to 424B / 8-K)
META,30303MAC6,Notes/Bonds,Senior Unsecured,4000,4.6,Fixed,2025-11-03,2032-11-15,2026-06-30,FactSet Debt Capital Structure,2026-10-03,needs review (match to 424B / 8-K)
META,30303MAD4,Notes/Bonds,Senior Unsecured,6500,4.875,Fixed,2025-11-03,2035-11-15,2026-06-30,FactSet Debt Capital Structure,2026-10-03,needs review (match to 424B / 8-K)
META,30303M8X3,Notes/Bonds,Senior Unsecured,4500,5.5,Fixed,2025-11-03,2045-11-15,2026-06-30,FactSet Debt Capital Structure,2026-10-03,needs review (match to 424B / 8-K)
META,30303MAE2,Notes/Bonds,Senior Unsecured,6500,5.625,Fixed,2025-11-03,2055-11-15,2026-06-30,FactSet Debt Capital Structure,2026-10-03,needs review (match to 424B / 8-K)
META,30303M8Y1,Notes/Bonds,Senior Unsecured,4500,5.75,Fixed,2025-11-03,2065-11-15,2026-06-30,FactSet Debt Capital Structure,2026-10-03,needs review (match to 424B / 8-K)
META,30303MAF9,Notes/Bonds,Senior Unsecured,3000,4.55,Fixed,2026-05-04,2031-05-15,2026-06-30,FactSet Debt Capital Structure,2026-10-03,needs review (match to 424B / 8-K)
META,30303MAG7,Notes/Bonds,Senior Unsecured,2000,4.875,Fixed,2026-05-04,2033-05-15,2026-06-30,FactSet Debt Capital Structure,2026-10-03,needs review (match to 424B / 8-K)
META,30303MAH5,Notes/Bonds,Senior Unsecured,6000,5.25,Fixed,2026-05-04,2036-05-15,2026-06-30,FactSet Debt Capital Structure,2026-10-03,needs review (match to 424B / 8-K)
META,30303MAJ1,Notes/Bonds,Senior Unsecured,4000,6.2,Fixed,2026-05-04,2046-05-15,2026-06-30,FactSet Debt Capital Structure,2026-10-03,needs review (match to 424B / 8-K)
META,30303MAK8,Notes/Bonds,Senior Unsecured,6000,6.3,Fixed,2026-05-04,2056-05-15,2026-06-30,FactSet Debt Capital Structure,2026-10-03,needs review (match to 424B / 8-K)
META,30303MAL6,Notes/Bonds,Senior Unsecured,4000,6.45,Fixed,2026-05-04,2066-05-15,2026-06-30,FactSet Debt Capital Structure,2026-10-03,needs review (match to 424B / 8-K)
ORCL,68389XCX1,Notes/Bonds,Senior Unsecured,500,,Variable,2025-02-03,2028-08-03,2026-08-31,FactSet Debt Capital Structure,2026-10-03,needs review (match to 424B / 8-K)
ORCL,68389XCY9,Notes/Bonds,Senior Unsecured,1500,4.8,Fixed,2025-02-03,2028-08-03,2026-08-31,FactSet Debt Capital Structure,2026-10-03,needs review (match to 424B / 8-K)
ORCL,68389XCZ6,Notes/Bonds,Senior Unsecured,1250,5.25,Fixed,2025-02-03,2032-02-03,2026-08-31,FactSet Debt Capital Structure,2026-10-03,needs review (match to 424B / 8-K)
ORCL,68389XDA0,Notes/Bonds,Senior Unsecured,1750,5.5,Fixed,2025-02-03,2035-08-03,2026-08-31,FactSet Debt Capital Structure,2026-10-03,needs review (match to 424B / 8-K)
ORCL,68389XDB8,Notes/Bonds,Senior Unsecured,1750,6,Fixed,2025-02-03,2055-08-03,2026-08-31,FactSet Debt Capital Structure,2026-10-03,needs review (match to 424B / 8-K)
ORCL,68389XDC6,Notes/Bonds,Senior Unsecured,1000,6.125,Fixed,2025-02-03,2065-08-03,2026-08-31,FactSet Debt Capital Structure,2026-10-03,needs review (match to 424B / 8-K)
ORCL,68389XDH5,Notes/Bonds,Senior Unsecured,3000,4.45,Fixed,2025-09-26,2030-09-26,2026-08-31,FactSet Debt Capital Structure,2026-10-03,needs review (match to 424B / 8-K)
ORCL,68389XDK8,Notes/Bonds,Senior Unsecured,3000,4.8,Fixed,2025-09-26,2032-09-26,2026-08-31,FactSet Debt Capital Structure,2026-10-03,needs review (match to 424B / 8-K)
ORCL,68389XDM4,Notes/Bonds,Senior Unsecured,4000,5.2,Fixed,2025-09-26,2035-09-26,2026-08-31,FactSet Debt Capital Structure,2026-10-03,needs review (match to 424B / 8-K)
ORCL,68389XDP7,Notes/Bonds,Senior Unsecured,2500,5.875,Fixed,2025-09-26,2045-09-26,2026-08-31,FactSet Debt Capital Structure,2026-10-03,needs review (match to 424B / 8-K)
ORCL,68389XDR3,Notes/Bonds,Senior Unsecured,3500,5.95,Fixed,2025-09-26,2055-09-26,2026-08-31,FactSet Debt Capital Structure,2026-10-03,needs review (match to 424B / 8-K)
ORCL,68389XDT9,Notes/Bonds,Senior Unsecured,2000,6.1,Fixed,2025-09-26,2065-09-26,2026-08-31,FactSet Debt Capital Structure,2026-10-03,needs review (match to 424B / 8-K)
ORCL,68389XDV4,Notes/Bonds,Senior Unsecured,500,,Variable,2026-02-04,2029-02-04,2026-08-31,FactSet Debt Capital Structure,2026-10-03,needs review (match to 424B / 8-K)
ORCL,68389XDW2,Notes/Bonds,Senior Unsecured,3000,4.55,Fixed,2026-02-04,2029-02-04,2026-08-31,FactSet Debt Capital Structure,2026-10-03,needs review (match to 424B / 8-K)
ORCL,68389XDX0,Notes/Bonds,Senior Unsecured,3500,4.95,Fixed,2026-02-04,2031-02-04,2026-08-31,FactSet Debt Capital Structure,2026-10-03,needs review (match to 424B / 8-K)
ORCL,68389XDY8,Notes/Bonds,Senior Unsecured,3000,5.35,Fixed,2026-02-04,2033-05-04,2026-08-31,FactSet Debt Capital Structure,2026-10-03,needs review (match to 424B / 8-K)
ORCL,68389XDZ5,Notes/Bonds,Senior Unsecured,5000,5.7,Fixed,2026-02-04,2036-02-04,2026-08-31,FactSet Debt Capital Structure,2026-10-03,needs review (match to 424B / 8-K)
ORCL,68389XEA9,Notes/Bonds,Senior Unsecured,2250,6.55,Fixed,2026-02-04,2046-02-04,2026-08-31,FactSet Debt Capital Structure,2026-10-03,needs review (match to 424B / 8-K)
ORCL,68389XEB7,Notes/Bonds,Senior Unsecured,5000,6.7,Fixed,2026-02-04,2056-02-04,2026-08-31,FactSet Debt Capital Structure,2026-10-03,needs review (match to 424B / 8-K)
ORCL,68389XEC5,Notes/Bonds,Senior Unsecured,2750,6.85,Fixed,2026-02-04,2066-02-04,2026-08-31,FactSet Debt Capital Structure,2026-10-03,needs review (match to 424B / 8-K)
ORCL,FDS08E719,Revolving credit,Senior Unsecured,0,,Variable,2026-03-06,2031-03-06,2026-08-31,FactSet Debt Capital Structure,2026-10-03,needs review (match to 424B / 8-K)
AMZN,FDSAPLH45,Revolving credit,Senior Unsecured (364-day),0,,Variable,2025-10-29,2026-10-28,2026-06-30,FactSet Debt Capital Structure,2026-10-03,needs review (match to 424B / 8-K)
AMZN,023135CS3,Notes/Bonds,Senior Unsecured,2500,3.9,Fixed,2025-11-20,2028-11-20,2026-06-30,FactSet Debt Capital Structure,2026-10-03,needs review (match to 424B / 8-K)
AMZN,023135CT1,Notes/Bonds,Senior Unsecured,2500,4.1,Fixed,2025-11-20,2030-11-20,2026-06-30,FactSet Debt Capital Structure,2026-10-03,needs review (match to 424B / 8-K)
AMZN,023135CU8,Notes/Bonds,Senior Unsecured,1500,4.35,Fixed,2025-11-20,2033-03-20,2026-06-30,FactSet Debt Capital Structure,2026-10-03,needs review (match to 424B / 8-K)
AMZN,023135CV6,Notes/Bonds,Senior Unsecured,3500,4.65,Fixed,2025-11-20,2035-11-20,2026-06-30,FactSet Debt Capital Structure,2026-10-03,needs review (match to 424B / 8-K)
AMZN,023135CW4,Notes/Bonds,Senior Unsecured,3000,5.45,Fixed,2025-11-20,2055-11-20,2026-06-30,FactSet Debt Capital Structure,2026-10-03,needs review (match to 424B / 8-K)
AMZN,023135CY0,Notes/Bonds,Senior Unsecured,2000,5.55,Fixed,2025-11-20,2065-11-20,2026-06-30,FactSet Debt Capital Structure,2026-10-03,needs review (match to 424B / 8-K)
AMZN,023135CZ7,Notes/Bonds,Senior Unsecured,1750,4.09,Variable,2026-03-13,2028-03-13,2026-06-30,FactSet Debt Capital Structure,2026-10-03,needs review (match to 424B / 8-K)
AMZN,023135DB9,Notes/Bonds,Senior Unsecured,2250,3.85,Fixed,2026-03-13,2028-03-13,2026-06-30,FactSet Debt Capital Structure,2026-10-03,needs review (match to 424B / 8-K)
AMZN,023135DA1,Notes/Bonds,Senior Unsecured,1000,4.24,Variable,2026-03-13,2029-03-13,2026-06-30,FactSet Debt Capital Structure,2026-10-03,needs review (match to 424B / 8-K)
AMZN,023135DC7,Notes/Bonds,Senior Unsecured,3000,4,Fixed,2026-03-13,2029-03-13,2026-06-30,FactSet Debt Capital Structure,2026-10-03,needs review (match to 424B / 8-K)
AMZN,023135DD5,Notes/Bonds,Senior Unsecured,5000,4.25,Fixed,2026-03-13,2031-03-13,2026-06-30,FactSet Debt Capital Structure,2026-10-03,needs review (match to 424B / 8-K)
AMZN,023135DE3,Notes/Bonds,Senior Unsecured,4000,4.55,Fixed,2026-03-13,2033-03-13,2026-06-30,FactSet Debt Capital Structure,2026-10-03,needs review (match to 424B / 8-K)
AMZN,023135DF0,Notes/Bonds,Senior Unsecured,6000,4.875,Fixed,2026-03-13,2036-03-13,2026-06-30,FactSet Debt Capital Structure,2026-10-03,needs review (match to 424B / 8-K)
AMZN,023135DG8,Notes/Bonds,Senior Unsecured,2500,5.65,Fixed,2026-03-13,2046-03-13,2026-06-30,FactSet Debt Capital Structure,2026-10-03,needs review (match to 424B / 8-K)
AMZN,023135DH6,Notes/Bonds,Senior Unsecured,5500,5.8,Fixed,2026-03-13,2056-03-13,2026-06-30,FactSet Debt Capital Structure,2026-10-03,needs review (match to 424B / 8-K)
AMZN,023135DJ2,Notes/Bonds,Senior Unsecured,3000,5.95,Fixed,2026-03-13,2066-03-13,2026-06-30,FactSet Debt Capital Structure,2026-10-03,needs review (match to 424B / 8-K)
AMZN,023135DK9,Notes/Bonds,Senior Unsecured,3000,6.05,Fixed,2026-03-13,2076-03-13,2026-06-30,FactSet Debt Capital Structure,2026-10-03,needs review (match to 424B / 8-K)
AMZN,023135DM5,Notes/Bonds,Senior Unsecured,1429.125,2.8,Fixed,2026-03-16,2028-03-16,2026-06-30,FactSet Debt Capital Structure,2026-10-03,needs review (match to 424B / 8-K)
AMZN,023135DL7,Notes/Bonds,Senior Unsecured,2000.775,2.5,Variable,2026-03-16,2028-03-16,2026-06-30,FactSet Debt Capital Structure,2026-10-03,needs review (match to 424B / 8-K)
AMZN,023135DN3,Notes/Bonds,Senior Unsecured,2286.6,3.1,Fixed,2026-03-16,2030-03-16,2026-06-30,FactSet Debt Capital Structure,2026-10-03,needs review (match to 424B / 8-K)
AMZN,023135DP8,Notes/Bonds,Senior Unsecured,2572.425,3.35,Fixed,2026-03-16,2032-03-16,2026-06-30,FactSet Debt Capital Structure,2026-10-03,needs review (match to 424B / 8-K)
AMZN,023135DQ6,Notes/Bonds,Senior Unsecured,2858.25,3.7,Fixed,2026-03-16,2035-03-16,2026-06-30,FactSet Debt Capital Structure,2026-10-03,needs review (match to 424B / 8-K)
AMZN,023135DR4,Notes/Bonds,Senior Unsecured,2572.425,4.05,Fixed,2026-03-16,2039-03-16,2026-06-30,FactSet Debt Capital Structure,2026-10-03,needs review (match to 424B / 8-K)
AMZN,023135DS2,Notes/Bonds,Senior Unsecured,1429.125,4.45,Fixed,2026-03-16,2045-03-16,2026-06-30,FactSet Debt Capital Structure,2026-10-03,needs review (match to 424B / 8-K)
AMZN,023135DT0,Notes/Bonds,Senior Unsecured,1429.125,4.85,Fixed,2026-03-16,2064-03-16,2026-06-30,FactSet Debt Capital Structure,2026-10-03,needs review (match to 424B / 8-K)
AMZN,U02320BF2,Notes/Bonds,Senior Unsecured,1115.726,0.835,Fixed,2026-05-28,2029-05-28,2026-06-30,FactSet Debt Capital Structure,2026-10-03,needs review (match to 424B / 8-K)
AMZN,U02320BG0,Notes/Bonds,Senior Unsecured,725.222,1.2,Fixed,2026-05-28,2032-05-28,2026-06-30,FactSet Debt Capital Structure,2026-10-03,needs review (match to 424B / 8-K)
AMZN,U02320BH8,Notes/Bonds,Senior Unsecured,588.855,1.447,Fixed,2026-05-28,2035-05-28,2026-06-30,FactSet Debt Capital Structure,2026-10-03,needs review (match to 424B / 8-K)
AMZN,U02320BL9,Notes/Bonds,Senior Unsecured,483.481,1.675,Fixed,2026-05-28,2038-05-28,2026-06-30,FactSet Debt Capital Structure,2026-10-03,needs review (match to 424B / 8-K)
AMZN,U02320BK1,Notes/Bonds,Senior Unsecured,303.725,1.938,Fixed,2026-05-28,2044-05-25,2026-06-30,FactSet Debt Capital Structure,2026-10-03,needs review (match to 424B / 8-K)
AMZN,U02320BJ4,Notes/Bonds,Senior Unsecured,278.931,2.082,Fixed,2026-05-28,2051-05-25,2026-06-30,FactSet Debt Capital Structure,2026-10-03,needs review (match to 424B / 8-K)
AMZN,FDS139531,Term Loans,Senior Unsecured (delayed-draw),0,,Variable,2026-06-08,2029-06-08,2026-06-30,FactSet Debt Capital Structure,2026-10-03,needs review (match to 424B / 8-K)
AMZN,023135DU7,Notes/Bonds,Senior Unsecured,881.057,3.4,Fixed,2026-06-12,2029-06-12,2026-06-30,FactSet Debt Capital Structure,2026-10-03,needs review (match to 424B / 8-K)
AMZN,023135DV5,Notes/Bonds,Senior Unsecured,1762.115,3.7,Fixed,2026-06-12,2031-06-12,2026-06-30,FactSet Debt Capital Structure,2026-10-03,needs review (match to 424B / 8-K)
AMZN,023135DW3,Notes/Bonds,Senior Unsecured,1409.692,4,Fixed,2026-06-12,2033-06-12,2026-06-30,FactSet Debt Capital Structure,2026-10-03,needs review (match to 424B / 8-K)
AMZN,023135DX1,Notes/Bonds,Senior Unsecured,2466.96,4.35,Fixed,2026-06-12,2036-06-12,2026-06-30,FactSet Debt Capital Structure,2026-10-03,needs review (match to 424B / 8-K)
AMZN,023135DY9,Notes/Bonds,Senior Unsecured,3348.018,5,Fixed,2026-06-12,2056-06-12,2026-06-30,FactSet Debt Capital Structure,2026-10-03,needs review (match to 424B / 8-K)
GOOGL,FDSDM4V44,Revolving credit,Senior Unsecured,0,,Variable,2025-04-15,2030-04-16,2026-06-30,FactSet Debt Capital Structure,2026-10-03,needs review (match to 424B / 8-K)
GOOGL,02079KAK3,Notes/Bonds,Senior Unsecured,750,4,Fixed,2025-05-01,2030-05-15,2026-06-30,FactSet Debt Capital Structure,2026-10-03,needs review (match to 424B / 8-K)
GOOGL,02079KAL1,Notes/Bonds,Senior Unsecured,1250,4.5,Fixed,2025-05-01,2035-05-15,2026-06-30,FactSet Debt Capital Structure,2026-10-03,needs review (match to 424B / 8-K)
GOOGL,02079KAM9,Notes/Bonds,Senior Unsecured,1500,5.25,Fixed,2025-05-01,2055-05-15,2026-06-30,FactSet Debt Capital Structure,2026-10-03,needs review (match to 424B / 8-K)
GOOGL,02079KAN7,Notes/Bonds,Senior Unsecured,1500,5.3,Fixed,2025-05-01,2065-05-15,2026-06-30,FactSet Debt Capital Structure,2026-10-03,needs review (match to 424B / 8-K)
GOOGL,02079KAP2,Notes/Bonds,Senior Unsecured,1714.95,2.5,Fixed,2025-05-06,2029-05-06,2026-06-30,FactSet Debt Capital Structure,2026-10-03,needs review (match to 424B / 8-K)
GOOGL,02079KAQ0,Notes/Bonds,Senior Unsecured,1714.95,3,Fixed,2025-05-06,2033-05-06,2026-06-30,FactSet Debt Capital Structure,2026-10-03,needs review (match to 424B / 8-K)
GOOGL,02079KAR8,Notes/Bonds,Senior Unsecured,1429.125,3.375,Fixed,2025-05-06,2037-05-06,2026-06-30,FactSet Debt Capital Structure,2026-10-03,needs review (match to 424B / 8-K)
GOOGL,02079KAS6,Notes/Bonds,Senior Unsecured,1429.125,3.875,Fixed,2025-05-06,2045-05-06,2026-06-30,FactSet Debt Capital Structure,2026-10-03,needs review (match to 424B / 8-K)
GOOGL,02079KAT4,Notes/Bonds,Senior Unsecured,1429.125,4,Fixed,2025-05-06,2054-05-06,2026-06-30,FactSet Debt Capital Structure,2026-10-03,needs review (match to 424B / 8-K)
GOOGL,02079KAU1,Notes/Bonds,Senior Unsecured,500,,Variable,2025-11-06,2028-11-15,2026-06-30,FactSet Debt Capital Structure,2026-10-03,needs review (match to 424B / 8-K)
GOOGL,02079KAV9,Notes/Bonds,Senior Unsecured,1000,3.875,Fixed,2025-11-06,2028-11-15,2026-06-30,FactSet Debt Capital Structure,2026-10-03,needs review (match to 424B / 8-K)
GOOGL,02079KAW7,Notes/Bonds,Senior Unsecured,2500,4.1,Fixed,2025-11-06,2030-11-15,2026-06-30,FactSet Debt Capital Structure,2026-10-03,needs review (match to 424B / 8-K)
GOOGL,02079KAX5,Notes/Bonds,Senior Unsecured,1250,4.375,Fixed,2025-11-06,2032-11-15,2026-06-30,FactSet Debt Capital Structure,2026-10-03,needs review (match to 424B / 8-K)
GOOGL,02079KAY3,Notes/Bonds,Senior Unsecured,3500,4.7,Fixed,2025-11-06,2035-11-15,2026-06-30,FactSet Debt Capital Structure,2026-10-03,needs review (match to 424B / 8-K)
GOOGL,02079KAZ0,Notes/Bonds,Senior Unsecured,2000,5.35,Fixed,2025-11-06,2045-11-15,2026-06-30,FactSet Debt Capital Structure,2026-10-03,needs review (match to 424B / 8-K)
GOOGL,02079KBA4,Notes/Bonds,Senior Unsecured,4000,5.45,Fixed,2025-11-06,2055-11-15,2026-06-30,FactSet Debt Capital Structure,2026-10-03,needs review (match to 424B / 8-K)
GOOGL,02079KBB2,Notes/Bonds,Senior Unsecured,2750,5.7,Fixed,2025-11-06,2075-11-15,2026-06-30,FactSet Debt Capital Structure,2026-10-03,needs review (match to 424B / 8-K)
GOOGL,02079KBH9,Notes/Bonds,Senior Unsecured,1143.3,2.375,Fixed,2025-11-06,2028-11-06,2026-06-30,FactSet Debt Capital Structure,2026-10-03,needs review (match to 424B / 8-K)
GOOGL,02079KBC0,Notes/Bonds,Senior Unsecured,1143.3,2.875,Fixed,2025-11-06,2031-11-06,2026-06-30,FactSet Debt Capital Structure,2026-10-03,needs review (match to 424B / 8-K)
GOOGL,02079KBD8,Notes/Bonds,Senior Unsecured,1143.3,3.125,Fixed,2025-11-06,2034-11-06,2026-06-30,FactSet Debt Capital Structure,2026-10-03,needs review (match to 424B / 8-K)
GOOGL,02079KBE6,Notes/Bonds,Senior Unsecured,1143.3,3.5,Fixed,2025-11-06,2038-11-06,2026-06-30,FactSet Debt Capital Structure,2026-10-03,needs review (match to 424B / 8-K)
GOOGL,02079KBF3,Notes/Bonds,Senior Unsecured,1429.125,4,Fixed,2025-11-06,2044-11-06,2026-06-30,FactSet Debt Capital Structure,2026-10-03,needs review (match to 424B / 8-K)
GOOGL,02079KBG1,Notes/Bonds,Senior Unsecured,1429.125,4.375,Fixed,2025-11-06,2064-11-06,2026-06-30,FactSet Debt Capital Structure,2026-10-03,needs review (match to 424B / 8-K)
GOOGL,02079KBJ5,Notes/Bonds,Senior Unsecured,2500,3.7,Fixed,2026-02-13,2029-02-15,2026-06-30,FactSet Debt Capital Structure,2026-10-03,needs review (match to 424B / 8-K)
GOOGL,02079KBK2,Notes/Bonds,Senior Unsecured,3000,4.1,Fixed,2026-02-13,2031-02-15,2026-06-30,FactSet Debt Capital Structure,2026-10-03,needs review (match to 424B / 8-K)
GOOGL,02079KBL0,Notes/Bonds,Senior Unsecured,3000,4.4,Fixed,2026-02-13,2033-02-15,2026-06-30,FactSet Debt Capital Structure,2026-10-03,needs review (match to 424B / 8-K)
GOOGL,02079KBM8,Notes/Bonds,Senior Unsecured,4250,4.8,Fixed,2026-02-13,2036-02-15,2026-06-30,FactSet Debt Capital Structure,2026-10-03,needs review (match to 424B / 8-K)
GOOGL,02079KBN6,Notes/Bonds,Senior Unsecured,1500,5.5,Fixed,2026-02-13,2046-02-15,2026-06-30,FactSet Debt Capital Structure,2026-10-03,needs review (match to 424B / 8-K)
GOOGL,02079KBP1,Notes/Bonds,Senior Unsecured,4000,5.65,Fixed,2026-02-13,2056-02-15,2026-06-30,FactSet Debt Capital Structure,2026-10-03,needs review (match to 424B / 8-K)
GOOGL,02079KBQ9,Notes/Bonds,Senior Unsecured,1750,5.75,Fixed,2026-02-13,2066-02-15,2026-06-30,FactSet Debt Capital Structure,2026-10-03,needs review (match to 424B / 8-K)
GOOGL,02079KBR7,Notes/Bonds,Senior Unsecured,995.438,4.125,Fixed,2026-02-13,2029-02-13,2026-06-30,FactSet Debt Capital Structure,2026-10-03,needs review (match to 424B / 8-K)
GOOGL,02079KBS5,Notes/Bonds,Senior Unsecured,1659.062,4.625,Fixed,2026-02-13,2032-11-13,2026-06-30,FactSet Debt Capital Structure,2026-10-03,needs review (match to 424B / 8-K)
GOOGL,02079KBT3,Notes/Bonds,Senior Unsecured,1659.062,5.5,Fixed,2026-02-13,2041-11-13,2026-06-30,FactSet Debt Capital Structure,2026-10-03,needs review (match to 424B / 8-K)
GOOGL,02079KBU0,Notes/Bonds,Senior Unsecured,1659.062,5.875,Fixed,2026-02-13,2058-02-13,2026-06-30,FactSet Debt Capital Structure,2026-10-03,needs review (match to 424B / 8-K)
GOOGL,02079KBV8,Notes/Bonds,Senior Unsecured,1327.25,6.125,Fixed,2026-02-13,2126-02-13,2026-06-30,FactSet Debt Capital Structure,2026-10-03,needs review (match to 424B / 8-K)
GOOGL,U0201AAB7,Notes/Bonds,Senior Unsecured,1121.924,0.427,Fixed,2026-03-03,2029-03-01,2026-06-30,FactSet Debt Capital Structure,2026-10-03,needs review (match to 424B / 8-K)
GOOGL,U0201AAA9,Notes/Bonds,Senior Unsecured,867.787,0.89,Fixed,2026-03-03,2032-03-03,2026-06-30,FactSet Debt Capital Structure,2026-10-03,needs review (match to 424B / 8-K)
GOOGL,U0201AAC5,Notes/Bonds,Senior Unsecured,712.825,1.252,Fixed,2026-03-03,2036-03-03,2026-06-30,FactSet Debt Capital Structure,2026-10-03,needs review (match to 424B / 8-K)
GOOGL,U0201AAE1,Notes/Bonds,Senior Unsecured,564.061,1.582,Fixed,2026-03-03,2041-03-01,2026-06-30,FactSet Debt Capital Structure,2026-10-03,needs review (match to 424B / 8-K)
GOOGL,U0201AAD3,Notes/Bonds,Senior Unsecured,520.672,1.868,Fixed,2026-03-03,2051-03-03,2026-06-30,FactSet Debt Capital Structure,2026-10-03,needs review (match to 424B / 8-K)
GOOGL,02079KBW6,Notes/Bonds,Senior Unsecured,1714.95,3.2,Fixed,2026-05-11,2030-05-11,2026-06-30,FactSet Debt Capital Structure,2026-10-03,needs review (match to 424B / 8-K)
GOOGL,02079WAG6,Notes/Bonds,Senior Unsecured,1057.269,3.65,Fixed,2026-05-11,2031-05-15,2026-06-30,FactSet Debt Capital Structure,2026-10-03,needs review (match to 424B / 8-K)
GOOGL,02079KCB1,Notes/Bonds,Senior Unsecured,2000.775,3.45,Fixed,2026-05-11,2032-05-11,2026-06-30,FactSet Debt Capital Structure,2026-10-03,needs review (match to 424B / 8-K)
GOOGL,02079WAA9,Notes/Bonds,Senior Unsecured,1409.692,4,Fixed,2026-05-11,2033-05-15,2026-06-30,FactSet Debt Capital Structure,2026-10-03,needs review (match to 424B / 8-K)
GOOGL,FDS0RN866,Notes/Bonds,Senior Unsecured,1714.95,3.625,Fixed,2026-05-11,2034-05-11,2026-06-30,FactSet Debt Capital Structure,2026-10-03,needs review (match to 424B / 8-K)
GOOGL,02079WAC5,Notes/Bonds,Senior Unsecured,1585.903,4.35,Fixed,2026-05-11,2036-05-15,2026-06-30,FactSet Debt Capital Structure,2026-10-03,needs review (match to 424B / 8-K)
GOOGL,02079KBY2,Notes/Bonds,Senior Unsecured,2000.775,4.1,Fixed,2026-05-11,2039-05-11,2026-06-30,FactSet Debt Capital Structure,2026-10-03,needs review (match to 424B / 8-K)
GOOGL,02079KBZ9,Notes/Bonds,Senior Unsecured,1429.125,4.5,Fixed,2026-05-11,2045-05-11,2026-06-30,FactSet Debt Capital Structure,2026-10-03,needs review (match to 424B / 8-K)
GOOGL,02079WAE1,Notes/Bonds,Senior Unsecured,1938.326,5,Fixed,2026-05-11,2056-05-15,2026-06-30,FactSet Debt Capital Structure,2026-10-03,needs review (match to 424B / 8-K)
GOOGL,FDS0RNEC6,Notes/Bonds,Senior Unsecured,1429.125,4.8,Fixed,2026-05-11,2063-05-11,2026-06-30,FactSet Debt Capital Structure,2026-10-03,needs review (match to 424B / 8-K)
GOOGL,02079KCC9,Notes/Bonds,Senior Unsecured,833.718,1.965,Fixed,2026-05-21,2029-05-16,2026-06-30,FactSet Debt Capital Structure,2026-10-03,needs review (match to 424B / 8-K)
GOOGL,02079KCD7,Notes/Bonds,Senior Unsecured,1233.656,2.412,Fixed,2026-05-21,2031-05-16,2026-06-30,FactSet Debt Capital Structure,2026-10-03,needs review (match to 424B / 8-K)
GOOGL,U0201AAH4,Notes/Bonds,Senior Unsecured,758.037,2.822,Fixed,2026-05-21,2033-05-16,2026-06-30,FactSet Debt Capital Structure,2026-10-03,needs review (match to 424B / 8-K)
GOOGL,02079KCF2,Notes/Bonds,Senior Unsecured,399.323,3.189,Fixed,2026-05-21,2036-05-16,2026-06-30,FactSet Debt Capital Structure,2026-10-03,needs review (match to 424B / 8-K)
GOOGL,U0201AAK7,Notes/Bonds,Senior Unsecured,117.52,3.713,Fixed,2026-05-21,2041-05-16,2026-06-30,FactSet Debt Capital Structure,2026-10-03,needs review (match to 424B / 8-K)
GOOGL,U0201AAM3,Notes/Bonds,Senior Unsecured,57.222,4.395,Fixed,2026-05-21,2056-05-16,2026-06-30,FactSet Debt Capital Structure,2026-10-03,needs review (match to 424B / 8-K)
GOOGL,U0201AAJ0,Notes/Bonds,Senior Unsecured,147.67,4.599,Fixed,2026-05-21,2066-05-17,2026-06-30,FactSet Debt Capital Structure,2026-10-03,needs review (match to 424B / 8-K)
