ticker,issue_date,class,tranches,amount_outstanding_usd_m,coupon_min_pct,coupon_max_pct,floating_tranche,tenor_min_years,tenor_max_years,seniority,non_usd_or_reg_s,report_date,matched_424b_accession,matched_424b_total_usd,status,pulled
AMZN,2026-06-12,Bonds / notes,5,9867.842,3.4,5,no,3.0,30.0,Senior Unsecured,yes,2026-06-30,0001104659-26-072332,10025573613,corroborated by 424B (T1),2026-10-03
AMZN,2026-06-08,Term loan,1,0,,,yes,3.0,3.0,Senior Unsecured (delayed-draw),no,2026-06-30,,,"FactSet only, needs review",2026-10-03
AMZN,2026-05-28,Bonds / notes,6,3495.9399999999996,0.835,2.082,no,3.0,25.0,Senior Unsecured,yes,2026-06-30,,,"FactSet only, needs review",2026-10-03
GOOGL,2026-05-21,Bonds / notes,7,3547.146,1.965,4.599,no,3.0,40.0,Senior Unsecured,yes,2026-06-30,0001193125-26-228923,3644582121.64,corroborated by 424B (T1),2026-10-03
GOOGL,2026-05-11,Bonds / notes,10,16280.89,3.2,5,no,4.0,37.0,Senior Unsecured,yes,2026-06-30,,,"FactSet only, needs review",2026-10-03
META,2026-05-04,Bonds / notes,6,25000,4.55,6.45,no,5.0,40.0,Senior Unsecured,no,2026-06-30,0001193125-26-201738,24967390000,corroborated by 424B (T1),2026-10-03
AMZN,2026-03-16,Bonds / notes,8,16577.85,2.5,4.85,yes,2.0,38.0,Senior Unsecured,yes,2026-06-30,,,"FactSet only, needs review",2026-10-03
AMZN,2026-03-13,Bonds / notes,11,37000,3.85,6.05,yes,2.0,50.0,Senior Unsecured,no,2026-06-30,,,"FactSet only, needs review",2026-10-03
ORCL,2026-03-06,Revolving credit,1,0,,,yes,5.0,5.0,Senior Unsecured,no,2026-08-31,,,"FactSet only, needs review",2026-10-03
GOOGL,2026-03-03,Bonds / notes,5,3787.2690000000002,0.427,1.868,no,3.0,25.0,Senior Unsecured,yes,2026-06-30,,,"FactSet only, needs review",2026-10-03
GOOGL,2026-02-13,Bonds / notes,12,27299.873999999996,3.7,6.125,no,3.0,100.0,Senior Unsecured,yes,2026-06-30,,,"FactSet only, needs review",2026-10-03
ORCL,2026-02-04,Bonds / notes,8,25000,4.55,6.85,yes,3.0,40.0,Senior Unsecured,no,2026-08-31,,,"FactSet only, needs review",2026-10-03
AMZN,2025-11-20,Bonds / notes,6,15000,3.9,5.55,no,3.0,40.0,Senior Unsecured,no,2026-06-30,,,"FactSet only, needs review",2026-10-03
GOOGL,2025-11-06,Bonds / notes,14,24931.449999999997,2.375,5.7,yes,3.0,50.0,Senior Unsecured,yes,2026-06-30,,,"FactSet only, needs review",2026-10-03
META,2025-11-03,Bonds / notes,6,30000,4.2,5.75,no,5.0,40.0,Senior Unsecured,no,2026-06-30,,,"FactSet only, needs review",2026-10-03
AMZN,2025-10-29,Revolving credit,1,0,,,yes,1.0,1.0,Senior Unsecured (364-day),no,2026-06-30,,,"FactSet only, needs review",2026-10-03
ORCL,2025-09-26,Bonds / notes,6,18000,4.45,6.1,no,5.0,40.0,Senior Unsecured,no,2026-08-31,,,"FactSet only, needs review",2026-10-03
GOOGL,2025-05-06,Bonds / notes,5,7717.275,2.5,4,no,4.0,29.0,Senior Unsecured,yes,2026-06-30,,,"FactSet only, needs review",2026-10-03
GOOGL,2025-05-01,Bonds / notes,4,5000,4,5.3,no,5.0,40.0,Senior Unsecured,no,2026-06-30,,,"FactSet only, needs review",2026-10-03
GOOGL,2025-04-15,Revolving credit,1,0,,,yes,5.0,5.0,Senior Unsecured,no,2026-06-30,,,"FactSet only, needs review",2026-10-03
ORCL,2025-02-03,Bonds / notes,6,7750,4.8,6.125,yes,3.5,40.5,Senior Unsecured,no,2026-08-31,,,"FactSet only, needs review",2026-10-03
