ticker,counterparty,asset,source_type,mw,mw_basis,usd_m,usd_basis,term_years,announced,is_goal,in_filing,tier,filing_or_source,accession,page,url,quote,refreshed_et
MSFT,Constellation Energy,"Crane Clean Energy Center (Three Mile Island Unit 1), Pennsylvania",nuclear_restart,835,"approx., plant capacity",,,20,2024-09-20,no,no,T2,"Constellation press release, 20-Sep-2024",,,https://investors.constellationenergy.com/node/8711/pdf,Constellation announced the signing of a 20-year power purchase agreement with Microsoft that will pave the way for the launch of the Crane Clean Energy Center,2026-10-09 18:30 ET
AMZN,Talen Energy,"Susquehanna nuclear plant, Pennsylvania",nuclear_existing,1920,full contract quantity (ramping; full volume no later than 2032),,,,2025-06-11,no,no,T2,"Talen Energy press release, 11-Jun-2025 (Exhibit 99.1 to Talen's Form 8-K)",,,https://www.sec.gov/Archives/edgar/data/1622536/000162828025030559/a20250611pressreleasebusin.htm,"AWS is expected to receive 1,920 MW of power through 2042",2026-10-09 18:30 ET
AMZN,X-energy / Energy Northwest,"Small modular reactors (Cascade Advanced Energy Facility, Washington, first phase)",nuclear_smr,5000,"deployment goal, not an offtake contract (first phase: 320 MW, expandable to 960 MW)",,,,2024-10-16,yes,no,T2,"Amazon, ""How Amazon is helping to build one of the first modular nuclear reactor facilities in the United States""",,,https://www.aboutamazon.com/news/sustainability/amazon-smr-nuclear-energy,more than 5 gigawatts (GW) of new nuclear energy to the U.S grid by 2039,2026-10-09 18:30 ET
META,Constellation Energy,"Clinton Clean Energy Center, Illinois",nuclear_existing,1121,plant capacity (includes a 30 MW uprate),,,20,2025-06-03,no,no,T2,"Meta newsroom, 3-Jun-2025",,,https://about.fb.com/news/2025/06/meta-constellation-partner-clean-energy-project/,"1,121 megawatts of nuclear energy",2026-10-09 18:30 ET
META,"Vistra, Oklo, TerraPower","Vistra: Beaver Valley (PA), Perry and Davis-Besse (OH); Oklo: Pike County campus (OH); TerraPower: Natrium reactors",nuclear_mixed,6600,"up to 6.6 GW of new and existing capacity by 2035 (Vistra >2,600 MW under 20-year PPAs; Oklo 1.2 GW)",,,,2026-01-09,yes,no,T2,"Meta newsroom, Jan-2026",,,https://about.fb.com/news/2026/01/meta-nuclear-energy-projects-power-american-ai-leadership/,agreements to support up to 6.6 GWe of new and existing nuclear energy capacity by 2035,2026-10-09 18:30 ET
GOOGL,Kairos Power,Small modular reactors (first unit by 2030),nuclear_smr,500,up to 500 MW by 2035,,,,2024-10-14,yes,no,T2,"Google blog, Oct-2024",,,https://blog.google/company-news/outreach-and-initiatives/sustainability/google-kairos-power-nuclear-energy-agreement/,this deal will enable up to 500 MW of new 24/7 carbon-free power to U.S. electricity grids,2026-10-09 18:30 ET
GOOGL,NextEra Energy,"Duane Arnold Energy Center, Iowa (restart)",nuclear_restart,615,plant capacity,,,25,2025-10-27,no,no,T2,"NextEra Energy newsroom, 27-Oct-2025",,,https://newsroom.nexteraenergy.com/NextEra-Energy-and-Google-Announce-New-Collaboration-to-Accelerate-Nuclear-Energy-Deployment-in-the-U-S,615-megawatt,2026-10-09 18:30 ET
GOOGL,not disclosed,"PPA signed Jan-2026, accounted for as a lease",not_disclosed,,,9900,future payments 2027–2047 (undiscounted),,2026-01-31,no,yes,T1,10-K,0001652044-26-000018,seq 71,https://www.sec.gov/Archives/edgar/data/1652044/000165204426000018/goog-20251231.htm,"In January 2026, we executed a power purchase agreement which we expect to be accounted for as a lease resulting in future payments depending on certain agreement terms of $ 9.9 billion between 2027 and 2047.",2026-10-09 18:30 ET
GOOGL,counterparties to future PPAs,Backstops for counterparties' procurement of long-lead equipment for future PPAs,guarantee,,,7600,"maximum potential payment (financial guarantees; includes others), at 30-Jun-2026",,2026-06-30,no,yes,T1,10-Q,0001652044-26-000071,31,https://www.sec.gov/Archives/edgar/data/1652044/000165204426000071/goog-20260630.htm,These backstop agreements support counterparty procurement of long-lead time equipment for our future power purch,2026-10-09 18:30 ET
GOOGL,various suppliers,Multi-year non-cancellable PPAs with no minimum dollar commitment,renewables_mixed,,,,amounts not determinable (depend on volumes generated); not in purchase obligations,,2025-12-31,no,yes,T1,10-K,0001652044-26-000018,seq 41,https://www.sec.gov/Archives/edgar/data/1652044/000165204426000018/goog-20251231.htm,"we regularly enter into multi-year, non-cancellable power purchase agreements with third-party suppliers that do not include a minimum dollar commitment",2026-10-09 18:30 ET
ORCL,Bloom Energy (with BorderPlex),"Project Jupiter, Doña Ana County, New Mexico",fuel_cells,2450,up to 2.45 GW of fuel cells in a single microgrid,,,,2026-04-27,no,no,T2,"Oracle news release, 27-Apr-2026",,,https://www.oracle.com/news/announcement/oracle-borderplex-and-bloom-energy-to-power-project-jupiter-with-fuel-cell-technology-2026-04-27/,up to 2.45 GW of Bloom Energy fuel cells,2026-10-09 18:30 ET
