id,tier,publisher,title,edition,edition_date,next_expected,label,value,value_high,unit,note,url,page,refreshed_et
eia-steo-sales,T3,EIA,US electricity sales (Short-Term Energy Outlook),"STEO, Sep-2026",2026-09-09,2026-10-07,2026,4135,,BkWh,almost +2% vs. 2025,https://www.eia.gov/outlooks/steo/,Electricity,2026-10-03 20:35 ET
eia-steo-sales,T3,EIA,US electricity sales (Short-Term Energy Outlook),"STEO, Sep-2026",2026-09-09,2026-10-07,2027,4211,,BkWh,nearly +2% more,https://www.eia.gov/outlooks/steo/,Electricity,2026-10-03 20:35 ET
ercot-large-load,T3,ERCOT,Large-load interconnection requests (Texas),"Senate Business & Commerce update, 1-Apr-2026",2026-04-01,,Large loads tracked,410,,GW,~87% data centers; as of 26-Mar-2026,https://www.ercot.com/files/docs/2026/04/01/ERCOT_LargeLoad_Update_April2026_B-C_-Hearing.pdf,1–2,2026-10-03 20:35 ET
ercot-large-load,T3,ERCOT,Large-load interconnection requests (Texas),"Senate Business & Commerce update, 1-Apr-2026",2026-04-01,,Generation queue,453.562,,GW,"453,562 MW as of 28-Feb-2026",https://www.ercot.com/files/docs/2026/04/01/ERCOT_LargeLoad_Update_April2026_B-C_-Hearing.pdf,1–2,2026-10-03 20:35 ET
pjm-bra-2728,T3,PJM,2027/28 capacity auction (BRA),"Release, 17-Dec-2025",2025-12-17,,Clearing price (FERC-approved cap),333.44,,US$/MW-day,,https://www.pjm.com/-/media/DotCom/about-pjm/newsroom/2025-releases/20251217-pjm-auction-procures-134479-mw-of-generation-resources.pdf,1–2,2026-10-03 20:35 ET
pjm-bra-2728,T3,PJM,2027/28 capacity auction (BRA),"Release, 17-Dec-2025",2025-12-17,,Capacity procured (BRA + FRR),145.777,,GW,"134,479 MW BRA + 11,299 MW FRR",https://www.pjm.com/-/media/DotCom/about-pjm/newsroom/2025-releases/20251217-pjm-auction-procures-134479-mw-of-generation-resources.pdf,1–2,2026-10-03 20:35 ET
pjm-bra-2728,T3,PJM,2027/28 capacity auction (BRA),"Release, 17-Dec-2025",2025-12-17,,Shortfall vs. reliability requirement,6623,,MW,,https://www.pjm.com/-/media/DotCom/about-pjm/newsroom/2025-releases/20251217-pjm-auction-procures-134479-mw-of-generation-resources.pdf,1–2,2026-10-03 20:35 ET
pjm-bra-2728,T3,PJM,2027/28 capacity auction (BRA),"Release, 17-Dec-2025",2025-12-17,,Forecast peak increase,5250,,MW,"of which ~5,100 MW data centers",https://www.pjm.com/-/media/DotCom/about-pjm/newsroom/2025-releases/20251217-pjm-auction-procures-134479-mw-of-generation-resources.pdf,1–2,2026-10-03 20:35 ET
nerc-ltra-2025,T3,NERC,2025 Long-Term Reliability Assessment,LTRA 2025,2025-12-01,2026-12-31,10-year summer peak growth,224,,GW,vs. 132 GW in the prior assessment,https://www.nerc.com/globalassets/our-work/assessments/nerc_ltra_2025.pdf,Key findings,2026-10-03 20:35 ET
nerc-ltra-2025,T3,NERC,2025 Long-Term Reliability Assessment,LTRA 2025,2025-12-01,2026-12-31,10-year winter peak growth,245,,GW,,https://www.nerc.com/globalassets/our-work/assessments/nerc_ltra_2025.pdf,Key findings,2026-10-03 20:35 ET
lbnl-2024,T4,LBNL,US data center electricity use,Dec-2024 report (DOE-commissioned),2024-12-20,,2023 (estimate),176,,TWh,4.4% of US electricity,https://eta-publications.lbl.gov/sites/default/files/2024-12/lbnl-2024-united-states-data-center-energy-usage-report_1.pdf,Executive summary,2026-10-03 20:35 ET
lbnl-2024,T4,LBNL,US data center electricity use,Dec-2024 report (DOE-commissioned),2024-12-20,,"2028, range",325,580,TWh,6.7%–12.0% of US electricity; 74–132 GW at 50% utilization,https://eta-publications.lbl.gov/sites/default/files/2024-12/lbnl-2024-united-states-data-center-energy-usage-report_1.pdf,Executive summary,2026-10-03 20:35 ET
iea-energy-ai,T4,IEA,Global data center electricity use (Energy and AI),"Energy and AI, Apr-2025",2025-04-10,,2024 (estimate),415,,TWh,~1.5% of global electricity,https://www.iea.org/reports/energy-and-ai/executive-summary,Executive summary,2026-10-03 20:35 ET
iea-energy-ai,T4,IEA,Global data center electricity use (Energy and AI),"Energy and AI, Apr-2025",2025-04-10,,"2030, base case",945,,TWh,,https://www.iea.org/reports/energy-and-ai/executive-summary,Executive summary,2026-10-03 20:35 ET
