ticker,offering_total_usd,date,filed,form,accession,security_type,security_title,url,tier,refreshed_et
AMZN,5736223405.5,2026-09-10,2026-09-11,424B5,0001104659-26-107122,debt,"£4,250,000,000 of notes due 2029–2045 (four series, 5.200%–6.650%)",https://www.sec.gov/Archives/edgar/data/1018724/000110465926107122/0001104659-26-107122-index.htm,T1 (424B filing-fee exhibit; type from the prospectus cover),2026-10-09 19:10 ET
GOOGL,24917350000,2026-08-07,2026-08-07,424B2,0001193125-26-340264,debt,"$25,000,000,000 of notes due 2028–2066 (ten series, floating and 4.500%–6.500%)",https://www.sec.gov/Archives/edgar/data/1652044/000119312526340264/0001193125-26-340264-index.htm,T1 (424B filing-fee exhibit; type from the prospectus cover),2026-10-09 19:10 ET
AMZN,24923417500,2026-07-07,2026-07-08,424B5,0001104659-26-081786,debt,"$25,000,000,000 of notes due 2029–2066 (eight series, floating and 4.600%–6.250%)",https://www.sec.gov/Archives/edgar/data/1018724/000110465926081786/0001104659-26-081786-index.htm,T1 (424B filing-fee exhibit; type from the prospectus cover),2026-10-09 19:10 ET
AMZN,10025573613,2026-06-09,2026-06-10,424B5,0001104659-26-072332,debt,"C$14,000,000,000 of notes due 2029–2056 (five series, 3.400%–5.000%)",https://www.sec.gov/Archives/edgar/data/1018724/000110465926072332/0001104659-26-072332-index.htm,T1 (424B filing-fee exhibit; type from the prospectus cover),2026-10-09 19:10 ET
GOOGL,9625000000,2026-06-04,2026-06-04,424B5,0001193125-26-257690,preferred,"167,500,000 Series A Depositary Shares, each representing a 1/20th interest in a share of 6.25% Series A Mandatory Convertible Preferred Stock",https://www.sec.gov/Archives/edgar/data/1652044/000119312526257690/0001193125-26-257690-index.htm,T1 (424B filing-fee exhibit; type from the prospectus cover),2026-10-09 19:10 ET
GOOGL,9625000000,2026-06-04,2026-06-04,424B5,0001193125-26-257702,preferred,"167,500,000 Series B Depositary Shares, each representing a 1/20th interest in a share of 6.25% Series B Mandatory Convertible Preferred Stock",https://www.sec.gov/Archives/edgar/data/1652044/000119312526257702/0001193125-26-257702-index.htm,T1 (424B filing-fee exhibit; type from the prospectus cover),2026-10-09 19:10 ET
GOOGL,20700047325.4,2026-06-03,2026-06-04,424B5,0001193125-26-256375,common,"25,459,689 shares of Class A Common Stock and 25,459,689 shares of Class C Capital Stock",https://www.sec.gov/Archives/edgar/data/1652044/000119312526256375/0001193125-26-256375-index.htm,T1 (424B filing-fee exhibit; type from the prospectus cover),2026-10-09 19:10 ET
GOOGL,40000000000,2026-06-02,2026-06-02,424B5,0001193125-26-252439,atm_program,"Up to $40,000,000,000 Class A Common Stock and Class C Capital Stock (at-the-market program)",https://www.sec.gov/Archives/edgar/data/1652044/000119312526252439/0001193125-26-252439-index.htm,T1 (424B filing-fee exhibit; type from the prospectus cover),2026-10-09 19:10 ET
GOOGL,3644582121.64,2026-05-18,2026-05-18,424B5,0001193125-26-228923,debt,"¥576,500,000,000 of notes due 2029–2066 (seven series, 1.965%–4.599%)",https://www.sec.gov/Archives/edgar/data/1652044/000119312526228923/0001193125-26-228923-index.htm,T1 (424B filing-fee exhibit; type from the prospectus cover),2026-10-09 19:10 ET
GOOGL,6207375725.08,2026-05-07,2026-05-07,424B2,0001193125-26-212222,debt,"€9,000,000,000 of notes due 2030–2063 (six series, 3.200%–4.800%)",https://www.sec.gov/Archives/edgar/data/1652044/000119312526212222/0001193125-26-212222-index.htm,T1 (424B filing-fee exhibit; type from the prospectus cover),2026-10-09 19:10 ET
GOOGL,10504409175,2026-05-06,2026-05-07,424B2,0001193125-26-212210,debt,"C$8,500,000,000 of notes due 2031–2056 (four series, 3.650%–5.000%)",https://www.sec.gov/Archives/edgar/data/1652044/000119312526212210/0001193125-26-212210-index.htm,T1 (424B filing-fee exhibit; type from the prospectus cover),2026-10-09 19:10 ET
META,24967390000,2026-05-01,2026-05-01,424B2,0001193125-26-201738,debt,"$25,000,000,000 of senior notes due 2031–2066 (six series, 4.550%–6.450%)",https://www.sec.gov/Archives/edgar/data/1326801/000119312526201738/0001193125-26-201738-index.htm,T1 (424B filing-fee exhibit; type from the prospectus cover),2026-10-09 19:10 ET
